"tweet_id"	"author"	"entity_id"	"text"
"181784128931368960"	"smintdemango"	"RL2013D04E162"	""
"205843265445036032"	"EmilyPavlas"	"RL2013D04E162"	"I LOVE maroon 5! Always have, always will"
"207593544196689922"	"RetweetTheSongs"	"RL2013D04E162"	"RT If you like ""Stutter"" By Maroon 5 #RetweetThisSong"
"208109001349672961"	"Sonia_Mend3z"	"RL2013D04E162"	"la página d todoticket luego está anunciando en próximos conciertos el de Maroon 5… osea, es confirmado :)"
"208320438768648192"	"TeamAtSunset"	"RL2013D04E162"	"I love both maroon 5's and @bandatsunset's versions :) this song is amazing."
"208322409110044674"	"1FerVictoriaBTR"	"RL2013D04E162"	""" @NotasBTRush: ¿Sabias Que? Antes de salir al escenario los chicos cantan algunas canciones de Maroon 5, Jack Johnson, etc. @Seeba_BTR"
"208323167163392000"	"paraguaycom"	"RL2013D04E162"	"Maroon 5 en Paraguay: Dan a conocer precios de entradas - http://bit.ly/KgwfWT "
"208328269534199808"	"Stricklan_D"	"RL2013D04E162"	"@kerry_tobias, BUT, I do like that song. Justin, not so much. And he usually likes Maroon 5."
"208329410347155456"	"Betsiee_"	"RL2013D04E162"	"Cantar en el metro para juntar dinero e ir al concierto de Maroon 5."
"208329989177884672"	"ItsRiotTime"	"RL2013D04E162"	"Alguien va al concierto de Maroon 5? :)"
"208330598085951488"	"M5_MyloStranger"	"RL2013D04E162"	"#YoDariaLoQueFueraPor un regreso de Maroon 5 a VENEZUELA!!"
"208331209724526592"	"JoshuaMckeeman"	"RL2013D04E162"	"Gone from listening 30 seconds to mars to maroon 5 woah bro"
"208332715492245505"	"Asinnnnnnn"	"RL2013D04E162"	"♫♫ listening If I Never See Your Face Again by Maroon 5 ~ ♫♫"
"208347626498830336"	"Ayman__Gamal"	"RL2013D04E162"	"Addicted to Maroon 5's payphone"
"208348012110548992"	"DanW1991"	"RL2013D04E162"	"Maroon 5 - She will be loved (Acoustic Cover) Let me know what you think!! :D http://youtu.be/m0amD2CtPwM "
"208386979707109376"	"nicogarziaa"	"RL2013D04E162"	"Este es el plano de Maroon 5 en el Jockey Club con todos los sectores pic.twitter.com/xsGHqCQm"
"208393944835440640"	"ClaudiaMBrown"	"RL2013D04E162"	"""She Will Be Loved"" by Maroon 5 never gets old... #Loooove"
"208416362463371264"	"RadioAwaz"	"RL2013D04E162"	"Maroon 5 featuring Christina Aguilera - Moves Like Jagger"
"208426118452215808"	"Xathier"	"RL2013D04E162"	"Why does everyone say this sucks for maroon 5? Just look at the song not the wh ( @YouTube http://youtu.be/5FlQSQuv_mg?a )"
"208447903667204096"	"laleshkalicia"	"RL2013D04E162"	"Harder to Breath (Más Difícil Respirar) - Maroon 5 live (subtitulada al español) http://fb.me/1OnhPLryz "
"208478102656000000"	"amirfzn"	"RL2013D04E162"	"My eargasm coldplayy & Maroon 5 ♥"
"208483305769799680"	"_lainacupcakes"	"RL2013D04E162"	"<3 she will be loved Maroon 5..."
"208488533881651200"	"SuperNER0"	"RL2013D04E162"	"@_sharkfarts Payphone / Maroon 5 =$ the song is Ahhh-summ *-* u like it?!!!!?!?'"
"208496008114614272"	"jimmyduncombe"	"RL2013D04E162"	"This is also how I feel about Maroon 5 https http://ow.ly/bi5V9 "
"208514291077361664"	"ahorasuena"	"RL2013D04E162"	"Está sonando ""Makes Me Wonder"" de ""Maroon 5"" en #RadioGarach !!!"
"208534281163776001"	"MaisieMarriott"	"RL2013D04E162"	"Wanna learn the rapping part in Maroon 5's new song Payphone.. #dobeforeidie"
"208537263276171264"	"azachmadtan"	"RL2013D04E162"	"Maroon 5 - Harder to Breathe, 30 Second to Mars - Closer to The Edge .. Hafal dan Hafal *mana lirik"
"208540778132283392"	"Brandon_KSJ"	"RL2013D04E162"	"Maroon 5 - Payphone (Explicit) ft. Wiz Khalifa http://www.youtube.com/watch?v=KRaWnd3LJfs&sns=tw … via @youtube"
"208540937515835393"	"VillafanAndy_94"	"RL2013D04E162"	"Payphone - Maroon 5 (covered by Andy Clenaghan): http://youtu.be/AWtIwfJ2Iy0  via @youtube"
"208543844176900097"	"RawannMohabx"	"RL2013D04E162"	"What was the last song you heard? — Payphone- maroon 5 http://ask.fm/a/H6GUW5BVCO+plqA4Dw …"
"208547082179584000"	"GaluhParamita"	"RL2013D04E162"	"I liked a @YouTube video from @tiffanyalvord http://youtu.be/vxIMLHEKPUE?a  Payphone - Maroon 5 ft. Wiz Khalifa (Cover by"
"208552824609579008"	"KeaneShadow"	"RL2013D04E162"	"ANNOUNCEMENT: Keane are playing two shows with Maroon 5 in Brazil in August. More info: http://www.keanemusic.com/archive-comment.php?id=3558 …"
"208553029690064896"	"itsCBSyaDIG"	"RL2013D04E162"	"RT @SYDITY: I ❤ Maroon 5 <<I cAnt lie....they go hard!! Lol"
"208553033880182785"	"zimtsirup"	"RL2013D04E162"	"I'm a Superfan of Maroon 5 on @GetGlue http://bit.ly/Kcal1S "
"208559530865471489"	"cookysugar"	"RL2013D04E162"	"I liked a @YouTube video http://youtu.be/qraPm7OwtVA?a  Payphone - Maroon 5 (Jayesslee Cover)"
"208559820251475968"	"jayytat"	"RL2013D04E162"	"Nothing fits cold rainy days more than The Fray, Maroon 5 & ballads by B2ST. x"
"208561900634652673"	"andytibbs"	"RL2013D04E162"	"Who uses a payphone anymore? Doesn't that Maroon 5 dipshit have a cellphone?"
"208569894986461186"	"yulidamasita"	"RL2013D04E162"	"♪ maroon 5 ft whiz khalifa - payphone"
"208570779967832064"	"fykeane"	"RL2013D04E162"	"@KeaneFansIndo @KeaneBrasil Actually it will be a festival and Maroon 5 will be the headline. Keane will play before them..."
"208572839232667648"	"KeaneBrasil"	"RL2013D04E162"	"Maroon 5 is not bigger than Keane not in a million years (via @itskeanetime)"
"208573405614714882"	"stanrileywon"	"RL2013D04E162"	"Payphone by Maroon 5"
"208573774692499457"	"ursulamartin"	"RL2013D04E162"	"Por cierto. No es ""el cantante de Maroon 5""; es ADAM LEVINE."
"208583987822723073"	"MaroonFiveArg"	"RL2013D04E162"	"@M5NewsRoom Maroon 5 finally followed you! Congrats! You deserve it because you're twitter is amazing :)"
"208585352829603840"	"mimi_271195"	"RL2013D04E162"	"Quiero boletos para Maroon 5!!"
"208590862295371778"	"FYMStories"	"RL2013D04E162"	"Today is the THIRD day of Rock in Rio Lisboa - that is going to count with Lenny Kravitz, Maroon 5, Ivete Sangalo... http://fb.me/29zVo5dGq "
"208591583740833792"	"WillowGrace4"	"RL2013D04E162"	"I liked an @YouTube video http://youtu.be/TzxwOrT6Beo?a  Maroon 5 - Payphone ft. Wiz Khalifa LYRICS"
"208598323911868417"	"Los40ar"	"RL2013D04E162"	"Jennifer Lopez y Maroon 5 en Argentina... Madonna en España, son algunos de los shows a los que ten invita 40... http://fb.me/1oM4Yw4kp "
"208598793745203201"	"wniabbr"	"RL2013D04E162"	"Moves Like Jagger - Maroon 5 feat. Christina Aguilera http://rdo.to/NASH "
"208602837041688577"	"Jaassmmiinneeee"	"RL2013D04E162"	"I have Maroon 5's Payphone stuck in my head."
"208605026472574977"	"popStarPlay"	"RL2013D04E162"	"#nowPlaying Moves Like Jagger - Maroon 5 & Christina Aguilera #popMusic - http://reelr.tv/*rvmRr "
"208608738616164352"	"maroon5chile"	"RL2013D04E162"	"Maroon 5 en #RockinRio a las 17:00 (hr chile) Acá lo pueden ver online http://fb.me/1UDe9U40k "
"208615608714133505"	"megantarplee"	"RL2013D04E162"	"Maroon 5 - Payphone <3 <3 <3 new favourite song"
"208623263318937601"	"erman_lara"	"RL2013D04E162"	"@_S_A_R_A_H_ ""Payphone"" by Maroon 5 is the current favorite."
"208624798400655361"	"Heyclaudiaa"	"RL2013D04E162"	"@MelonGasoil http://www.youtube.com/rockinrio?feature=inp-lt-ros … has visto esto??? Por lo visto van a poner el concierto de Maroon 5"
"208629307315204098"	"TinTin1505"	"RL2013D04E162"	"Maroon 5 Payphone #CocaColaFMco"
"208644620693938177"	"AlejandroBTT"	"RL2013D04E162"	"@EuroMaroons No sabía que existiera este twitter, Maroon 5 y Euroclub... mejor imposible"
"208653311631560704"	"MabeeLopez"	"RL2013D04E162"	"Aqui, escuchando a Maroon 5 mientras siento una mezcla indescriptible de emociones."
"208654452155105280"	"OrtizFerrari"	"RL2013D04E162"	"En directo en @youtube Lenny Kravitz y Maroon 5 :D:D"
"208657157493768192"	"MikelQuintana"	"RL2013D04E162"	"@Deifstiglitz Si tienes un ordenador a mano, maroon 5 en directo en youtube, bueno, no sé si es en directo porque no me aclaro..."
"208658021499404288"	"LisaJaneTS1"	"RL2013D04E162"	"Maroon 5 - She Will Be Loved: http://youtu.be/nIjVuRTm-dc  via @youtube"
"208659288166633472"	"JohnMarcosIzq"	"RL2013D04E162"	"Esperando la presentación de Maroon 5 #YTrockinrio"
"208660890420133888"	"Karenvmoreno"	"RL2013D04E162"	"Quiero saber a que hora saldrá maroon 5 en rock in rio!"
"208666871464083456"	"marianodfreitas"	"RL2013D04E162"	"#YTrockinrio Stage camera Maroon 5"
"208669492941824000"	"IngriidTorres97"	"RL2013D04E162"	"#YTrockinrio Hardest to Breathe - Maroon 5♥"
"208672172846219264"	"AngieeTaaylor"	"RL2013D04E162"	"Maroon 5 - She Will Be Loved"
"208672282116235264"	"sayna_elena"	"RL2013D04E162"	"maroon 5 en vivo desde rock in rio por youtube... No te lo peles"
"208672319864975360"	"marcia95"	"RL2013D04E162"	"@BrunosBigBoobs cute and kinda hot, because it's Maroon 5, and Adam Levine is.. Wow xD"
"208673175540736003"	"RotemEchelon"	"RL2013D04E162"	"Who loves Maroon 5?! http://www.youtube.com/rockinrio?feature=inp-lt-roa …"
"208673431384895488"	"inigoramirezesc"	"RL2013D04E162"	"@bryanadams Maroon 5 right now on that link, by the way..."
"208674840641671168"	"alexincom"	"RL2013D04E162"	"#YTrockinrio Maroon 5 the sun!"
"208675310437269504"	"Beatrizacandido"	"RL2013D04E162"	"Maroon 5 at Rock in Rio 2012 ! HELL YEAH"
"208679718654984195"	"AlyyCeM"	"RL2013D04E162"	"Some Rock from Maroon 5... Not pop, not dance... Just some little piece of fine Rock... Love this. #FangirlingWayTooMuchOverMaroon5"
"208680133853315072"	"PedroEstela"	"RL2013D04E162"	"maroon 5 en vivo ahora, me agarra en medio de #yogatime http://www.youtube.com/rockinrio?feature=inp-lt-rirlix …"
"208682130363006976"	"Leebadee"	"RL2013D04E162"	"@mariellafrend Just, No ;) and by the way Maroon 5 have many good songs, especially She will be loved and through with you <3"
"208682252010393600"	"CammieJay"	"RL2013D04E162"	"i need to go to see maroon 5 live!"
"208682520433278976"	"ceciliapatolea"	"RL2013D04E162"	"Maroon 5 - she will be loved #rockinriolisboa http://instagr.am/p/LWPiRdwNsS/ "
"208686005912481792"	"remalusambo"	"RL2013D04E162"	"I've added a video to an @YouTube playlist http://youtu.be/i2YYvQd8T8c?a  Mia Covers Maroon 5 ""Misery"" (Acoustic)"
"208687419359379457"	"ArgeliaZalazar"	"RL2013D04E162"	"Me entristece el hecho de que no alcance a ver maroon 5 por meterme a bañar :("
"208690225348739072"	"laviniamelof"	"RL2013D04E162"	"Qro ver Maroon 5, como faco?????"
"208690875470057474"	"brentrinehart"	"RL2013D04E162"	"So Maroon 5 has a song called Payphone? 2 Q's: A) do those still exist? and B) Do the people who like this song even know what they are?"
"208695556313333761"	"alyssajackson20"	"RL2013D04E162"	"Nothing lasts forever - Maroon 5 >>>>> #lovethissong"
"208697611564228608"	"danwootton"	"RL2013D04E162"	"Bad news if you're going to The Voice final tomorrow. Ed Sheeran and Maroon 5 pre-recorded their performances today. Says a lot."
"208699293450768385"	"_camillejackson"	"RL2013D04E162"	"I love Payphone by Maroon 5 !!"
"208699633210359808"	"iHeartyouu143"	"RL2013D04E162"	"Maroon 5 kinda mood. #ForeverandAlways"
"208702405645307904"	"oliveraluciano"	"RL2013D04E162"	"Fotos con Maroon 5, con Lenny Kravits, pleno Rock in Río Lisboa... Todo mientras busco a Lola en el cumple de Mora. Voy a emborracharme."
"208703500354465792"	"PedroLCerquera"	"RL2013D04E162"	"http://bit.ly/JQwWoU  en VIVO en este momento...Maroon 5 y Lenny Kravitz desde el #RockInRio (Lisboa) #YTRockInRio"
"208704812127232000"	"DaKidMarkyP"	"RL2013D04E162"	"RT @jay_j88: #itstheonlyway RT @AJtheAxiom: &lt;==== drinking Henny singing Maroon 5 songs loud as fuck &amp; extremely off key"
"208705538756849666"	"danybelfer"	"RL2013D04E162"	"> explicame que tiene en la cabeza la gente que va a ver a Maroon 5!"
"208709468840665089"	"MarianoMolinari"	"RL2013D04E162"	"LIVE Que negro más canchero En directo: Lenny Kravitz y Maroon 5 desde Rock in Río Lisboa http://www.youtube.com/rockinrio?feature=inp-lt-ros …"
"208711450221494273"	"abcdigital"	"RL2013D04E162"	"[VIDEO] Ivete Sangalo y Maroon 5 refrescan la cuarta jornada del Rock in Río. http://bit.ly/LQbdcB "
"208719975580577793"	"sophster84"	"RL2013D04E162"	"I'm listening to Maroon 5 (53 others checked-in) http://bit.ly/JAtsrm  @GetGlue #Maroon5"
"208729291100405760"	"sydrosengartenn"	"RL2013D04E162"	"#SongsThatMakeMeCry never gonna leave this bed -maroon 5"
"208731019367550979"	"ustinKuffel"	"RL2013D04E162"	"Having trouble believing that anyone in Maroon 5 needs to use a pay phone."
"208732329206755328"	"Ikenna94"	"RL2013D04E162"	"#NP Maroon 5- This Love"
"208740682863620096"	"xooebonii"	"RL2013D04E162"	"but can we discuss how i love this maroon 5 song , i sing it every time it comes on at my job"
"208762698761117696"	"fykeane"	"RL2013D04E162"	"Even if Keane is coming with or without maroon 5 I am going to the both gigs. I still refuse to believe."
"208764451975991296"	"RafaelBarco"	"RL2013D04E162"	"Excelente presentación de Maroon 5 y Lenny Kravitz. #RockinRioLisboa"
"208777332662603777"	"LeeshRae"	"RL2013D04E162"	"I love Maroon 5, I don't care what anyone says."
"208777482101456896"	"Studio92"	"RL2013D04E162"	"Adam Levine de Maroon 5 presenta a su enamorada y se deja ver con el torso desnudo ¡Mira las fotos! http://ow.ly/bj0Ev "
"208780776194588672"	"lilpeabo16"	"RL2013D04E162"	"Where have the times gone, baby it's all wrong, where are the plans we made for two? Payphone - Maroon 5"
"208785712882008065"	"LittleMalu"	"RL2013D04E162"	"Nada me haria mas feliz que aparesca que esta escuchando a Mi Maroon 5 ♡"
"208788808290942979"	"ArrayFMAdult"	"RL2013D04E162"	"Misery by Maroon 5 from Hands All Over - iTunes: http://tinyurl.com/6gszrhr "
"208796999758258176"	"iam_azeezadio"	"RL2013D04E162"	"#np Payphone by Maroon 5"
"208807057711837184"	"BenisInUrPocket"	"RL2013D04E162"	"Not a big Maroon 5 fan, but I wish I had Adam Levines voice"
"208812178936037376"	"_JiggyxJiggy"	"RL2013D04E162"	"- downloading Florence and the machine , then maroon 5"
"208818617201078272"	"UnintellSquares"	"RL2013D04E162"	"HAHAHA! The Tumblr blog ""I Love Maroon 5"" reblogged today's comic. They thought it was funny, i guess. Score one for US!"
"208821955892232192"	"AydnGbel"	"RL2013D04E162"	"I just used #Shazam to tag Payphone by Maroon 5 Feat. Wiz Khalifa. http://shz.am/t59063717 "
"208844957451169792"	"MPARDO65"	"RL2013D04E162"	"bueno después de una siesta de mañana ya está uno más despejado para hacer cositas :) brutal Maroon 5 ayer en Lisboa http://www.youtube.com/watch?v=lOUEHn9j5l4 …"
"208848753266929664"	"BWAAGIRL"	"RL2013D04E162"	"#NP : Maroon 5 - Payphone."
"208851135656763392"	"lolitacruzcampo"	"RL2013D04E162"	"Maroon 5 dandolo todo en Lisboa!! Si señor I love it!!!!!"
"208853408969539585"	"fidzuanfahmi"	"RL2013D04E162"	"#nowplaying maroon 5- payphone ""all those fairytales are full of sh*t, one more f*cking love song i'll be sick"""
"208856830749839361"	"razvansuiogan"	"RL2013D04E162"	"Guys check out this beautiful cover made by @irisadasilva of 'Maroon 5 - Payphone' http://www.youtube.com/watch?v=0_8y-RIL9E4&feature=youtu.be&a …"
"208868093219442688"	"suenaBizarro"	"RL2013D04E162"	"""Sunday Morning"" de Maroon 5 (Live Acoustic) por @bizarrofm (http://www.bizarro.fm )"
"208871591277363200"	"QmusicNu"	"RL2013D04E162"	"Nu op Q-music: Maroon 5 Feat. Wiz Khalifa - Payphone"
"208873415782830080"	"drueve21"	"RL2013D04E162"	":( "" @Dahmolah: nope maroon 5 :p (//_O) RT @drueve21: Taylor swift and I believe in it tho :p "" @Dahmolah: If ""Happy Ever Afters"" did exist"""""
"208875630366957568"	"L34rch"	"RL2013D04E162"	"#Np She Will Be Loved - Maroon 5 :)"
"208885910618644480"	"spellElle"	"RL2013D04E162"	"@Solid_KathNiels maroon 5 and the script. :)"
"208889266082816000"	"joelwuj"	"RL2013D04E162"	"Check out that last RT- Maroon 5’s new keyboardist. Stuff of dreams to perform in front of such a huge crowd.. :O"
"208896097165377536"	"tom_coghill"	"RL2013D04E162"	"Maroon 5 ft wiz - payphone #toptune"
"208909172220248064"	"WilliamArmagan"	"RL2013D04E162"	"I liked a @YouTube video from @iamleroysanchez http://youtu.be/EEC_al4U0Xk?a  PAYPHONE - Maroon 5 (COVER BY LEROY)"
"208914004071026689"	"tiatiww"	"RL2013D04E162"	"you turned your back on tomorrow. Cause you forgot yesterday. -Payphone, Maroon 5"
"208918819119439872"	"adwa97"	"RL2013D04E162"	"Tweeps, Maroon 5 or Daughtry?"
"208929434898665472"	"fairuzziaa"	"RL2013D04E162"	"played the song 'Maroon 5' by She Will Be Loved on @myspace http://lnk.ms/M9hkC "
"208930605143035904"	"Polvorita_mafi"	"RL2013D04E162"	"He marcado como favorito un vídeo de @YouTube. http://youtu.be/5FlQSQuv_mg?a  Maroon 5 - Payphone (Lyric Video) ft. Wiz"
"208934065418678272"	"BrandonMWu"	"RL2013D04E162"	"I voted for Maroon 5 - Payphone featuring Wiz Khalifa on this week's #VH1Top20 Countdown. http://on.vh1.com/Top20Vote "
"208947057292083202"	"haurazet"	"RL2013D04E162"	"Jesse Carmichael Temporarily Leaving Maroon 5 ;;("
"208948472865497091"	"BabaFonseca"	"RL2013D04E162"	"Thank you SO much Maroon 5, it was awesome! I loved it and you rocked!! @adamlevine @jamesbvalentine @PJMORTON"
"208949047459987457"	"katrinaacedo"	"RL2013D04E162"	"I liked a @YouTube video http://youtu.be/9A8ZFbc1OtQ?a  Payphone - Maroon 5 (Avery iphone cover ft. Max Schneider)"
"208952981721333761"	"sophieteo"	"RL2013D04E162"	"#NowPlaying: Payphone - Maroon 5 ft. Wiz Khalifa (Frederik Jyll Cover)"
"208954781098713088"	"R0nggggg"	"RL2013D04E162"	"#nowplaying This Love - Maroon 5"
"208955670303748096"	"megzryu"	"RL2013D04E162"	"#nowplaying Won't go home without you- Maroon 5."
"208958019080425473"	"HollandGibson20"	"RL2013D04E162"	"I liked a @YouTube video http://youtu.be/mBuLm5XeF44?a  Maroon 5 ft. Wiz Khalifa - Payphone Lyrics (Clean Version)"
"208968383218188288"	"adhitya_IG"	"RL2013D04E162"	"Kata mas maroon 5, all those fairy tale are full of shit...hahaha"
"208975647748534272"	"ALT244_"	"RL2013D04E162"	"Maroon 5 - Payphone (feat. Wiz Khalifa) - Single [iTunes Plus AAC M4A] [V. Servidores]: http://bit.ly/LiHLgd "
"208979910289653761"	"clairedaniluk16"	"RL2013D04E162"	"amo maroon 5 no puedo creer que me perdi el concierto /:"
"208988322947809280"	"WeloveAidenn"	"RL2013D04E162"	"Tyler + Vince + Ed Sheeran + Maroon 5 = a good night :')"
"208990445253038081"	"fabiolacalderon"	"RL2013D04E162"	"Ed Sheeran and Maroon 5"
"208991045051101185"	"edsheeranID"	"RL2013D04E162"	"WOHOWWW Ed Sheeran and Maroon 5 is TTWW!!"
"208991921656438785"	"hpretzty"	"RL2013D04E162"	"@ricardotona uuy estuvo bien paadre no sabes hasta mejor q Maroon 5 *notese el sarcasmo*"
"208993238525296640"	"jessleal7"	"RL2013D04E162"	"Ed Sheeran and Maroon 5.. RT if you love Ed :) pic.twitter.com/cYwtQHE1"
"208993540674568193"	"eeelllll"	"RL2013D04E162"	"Maroon 5 and Ed Sheeran SICK"
"208993884603285506"	"teszaa"	"RL2013D04E162"	"Ed Sheeran and Maroon 5 OMG. WHY CAN'T I WATCH."
"208996057537986561"	"wayfaringdream"	"RL2013D04E162"	"Ed Sheeran and Maroon 5 in one day. That would be too much perfection. Why don't I live in the UK?! asdfjfkl"
"208996468261011456"	"lfermd"	"RL2013D04E162"	"Ohmycarrots! Ed Sheeran and Maroon 5 <3"
"208997399421648896"	"MrsNesbitt_"	"RL2013D04E162"	"Why do I have to listen to these shitty contestants? BRING ON MAROON 5."
"208998687077179392"	"chrismatagagas"	"RL2013D04E162"	"Ed Sheeran and Maroon 5? Fuck Maroon 5."
"209001514335870978"	"EdithV_"	"RL2013D04E162"	"El tipo de Maroon 5 se me hace super sexy"
"209003955110420480"	"annitatomas"	"RL2013D04E162"	"Estar oyendo música en Spotify y que pongan anuncios. Pasar de estar oyendo a Maroon 5 a Estrella Damm. Menudo susto."
"209004798173917184"	"benjfox_"	"RL2013D04E162"	"Want maroon 5 to hurry up and get on!"
"209005956145750018"	"Justinchann"	"RL2013D04E162"	"Maroon 5 better play Payphone! Such a good song!!"
"209009650996224001"	"Toni_Thinks"	"RL2013D04E162"	""
"209009718075736064"	"FrankieAgbebi"	"RL2013D04E162"	""
"209009927782531072"	"mazzallon"	"RL2013D04E162"	"@MarsKathy i know:( I'm only watching for Adam the beautiful Levine to perform with Maroon 5;)"
"209012440174825472"	"Helena_Carroll"	"RL2013D04E162"	"Maroon 5! #TheVoiceUKFinal"
"209012440208388096"	"StuPollock1"	"RL2013D04E162"	"Maroon 5 are the bomb! #MyHeartHasTakenItsToll"
"209012492066754560"	"RachaelMaudsley"	"RL2013D04E162"	"Maroon 5 are perfect, Adam Levine is perfect #perfect"
"209012498899279872"	"Chub_face"	"RL2013D04E162"	"Maroon 5 Ahh in love"
"209012532445319168"	"Sky_munye"	"RL2013D04E162"	"Maroon 5 love that track pay phone"
"209012536660598785"	"georgebarker26"	"RL2013D04E162"	"love this new maroon 5 song so much!!!"
"209012557627920385"	"LaurenParky_"	"RL2013D04E162"	"Love this song:) maroon 5 are just amazing"
"209012607967956992"	"Shalyia"	"RL2013D04E162"	"Maroon 5 love ittt"
"209012641790820352"	"fudgecrumpet"	"RL2013D04E162"	"Maroon 5. Named after a shit colour. Next week, Taupe 4, Mauve 3, Beige 2 and Teal 1."
"209012675085213697"	"ShannenAdoresTW"	"RL2013D04E162"	"Maroon 5!!!! Love them! Especially this song ♥"
"209012690201477120"	"xLorixLullabyx"	"RL2013D04E162"	""
"209012718013919232"	"KatieWeasel"	"RL2013D04E162"	"Matt Cardle assumed Maroon 5 was a colour on his paint chart #TheVoiceUK"
"209012725400088578"	"11MOG"	"RL2013D04E162"	"Maroon 5. #getinmypants Adam Levine. #thatsall"
"209012801698672640"	"amyro3buck"	"RL2013D04E162"	"maroon 5's 'songs about jane' album was amazing but after that they just got worse and worse and worse and then moves like jagger happened"
"209012888986329089"	"MichaelHalliwel"	"RL2013D04E162"	"Maroon 5 #thevoice"
"209012918359035904"	"JennifersDiary"	"RL2013D04E162"	"When did the lead singer of maroon 5 become HOT hahaha ;)"
"209013002228346881"	"TiarnaghJethwa"	"RL2013D04E162"	"I want Maroon 5 to sing She Will Be Loved"
"209013019001368576"	"Killeroo_"	"RL2013D04E162"	"my love for maroon 5 is off the scales ^-^ <3 #thevoiceuk"
"209013035770200065"	"CalumHollis"	"RL2013D04E162"	"Maroon 5 Possibly Best Boy Band."
"209013203567521793"	"megwoodcock"	"RL2013D04E162"	"If happy ever after did exist, I would still be holding you like this .. I LOVE Maroon 5"
"209013241806987264"	"lulaaargh"	"RL2013D04E162"	"I prefer maroon 5's old stuff so much more than their new songs.."
"209013280503627777"	"TilKingd0mC0me"	"RL2013D04E162"	"Might actually jizz in my pants, Maroon 5 are too good!"
"209013325189750784"	"LaurenPearson_x"	"RL2013D04E162"	"Loving life watching maroon 5"
"209013329388253184"	"eleanorvincentx"	"RL2013D04E162"	"yesss.. maroon 5 on #thevoice :)"
"209013341954387968"	"emma_dav9"	"RL2013D04E162"	"Weird lil crush on the lead singer of maroon 5 ... #TheVoice"
"209013358735798273"	"moniwatson"	"RL2013D04E162"	"Loving life so much with maroon 5 on the voice #ultimatefavouriteband #yesadamlevine"
"209013383909998592"	"SarahRich_"	"RL2013D04E162"	"guy from maroon 5 since when did you become so hawt! #moveslikejagger"
"209013455192195072"	"Deemaria19"	"RL2013D04E162"	"@TeamWillTVUK @iamwill Maroon 5 are so dope they rock"
"209013480358027265"	"Mattiain09"	"RL2013D04E162"	"@mrtomsimpson Well ok yeah Maroon 5 is certainly worth watching."
"209013513950203906"	"Lama_Gattan"	"RL2013D04E162"	"#TheVoiceUK long live Maroon 5"
"209013589409927168"	"xamybuchananx"	"RL2013D04E162"	"I love maroon 5, I think I already said that when I was listening to them today :)"
"209013602009616384"	"Lisapiza"	"RL2013D04E162"	"Maroon 5!! and Adam :D <3 #thevoiceuk"
"209013824311922688"	"DebbieMorrison3"	"RL2013D04E162"	"Oh no, moves like jagger maroon 5, I'll be singing it the rest of the bank holiday weekend now :S"
"209013895598313473"	"maddiedugx"	"RL2013D04E162"	"Really love maroon 5 can honestly say I love all there songs"
"209013903361970177"	"MillieThorne"	"RL2013D04E162"	"I do love a bit of Maroon 5."
"209014138863763458"	"KimScarle"	"RL2013D04E162"	"Maroon 5 <3 #thevoiceuk"
"209014474424856577"	"GagandeepJohal"	"RL2013D04E162"	"Maroon 5's performance was wicked! #TheVoiceUK"
"209014544876568576"	"flylikeaG6ZAYN"	"RL2013D04E162"	"Maroon 5's old music was much better.."
"209014650577231872"	"thewordsyousaid"	"RL2013D04E162"	"Guessing Maroon 5 are playing then."
"209014805762285568"	"LinziFulcher"	"RL2013D04E162"	"<3'n maroon 5!! They are DOPE!!!!! #bbcthevoiceuk"
"209014830923923456"	"_hannah_1994_"	"RL2013D04E162"	"Pure love for maroon 5 <3!"
"209014881263947776"	"laiise"	"RL2013D04E162"	"When @Lord_Sugar puts Maroon 5 and Ed Sheeran down, #WentTooFar #LostAllRespect"
"209014940013568000"	"LukeVernonuk"	"RL2013D04E162"	"Had no idea that 'moves like Jagger' song was by Maroon 5. I'm so out the loop."
"209015086814199809"	"MicaaCullen"	"RL2013D04E162"	"Love Maroon 5 TT Mundial y yo los quiero ir a ver a Ferro :D"
"209015418151645184"	"itslaurabass"	"RL2013D04E162"	"Adam Levine and love Maroon 5 are TT!!"
"209016564064862210"	"imissedyouangel"	"RL2013D04E162"	"Love Maroon 5. Es una banda perfecta, ¿cómo no amarlos?"
"209016617730969600"	"AliStallard1"	"RL2013D04E162"	""" @chapmanfamily: Anyone who likes Maroon 5 is a wanker. Simple as that. #TheVoiceUK"" <~~Er, I do!"
"209017011978780675"	"Tam_Flores"	"RL2013D04E162"	"Concierto de Rod stewart el mismo dia que maroon 5 #DEPRESION total"
"209017376870633473"	"CamERamirez"	"RL2013D04E162"	"Love Maroon 5 HAYYY HPTAAAA LOS AMO LOS AMO LOS AMOOOOOOOOOOOOOOOOOOOOOOOOOOOOO"
"209017548837109760"	"daniellelees"	"RL2013D04E162"	"Maroon 5 #faves"
"209017821466861570"	"LiamWatson44"	"RL2013D04E162"	"@nechaisi @YouTube Please watch Nadi cover Maroon 5’s “Payphone” here on YouTube: http://youtu.be/mBH0f4K1Mzw "
"209018215727235072"	"raihaansodagar"	"RL2013D04E162"	"Love Maroon 5 ♥ #Payphone ☺"
"209018228331118594"	"MollFenton"	"RL2013D04E162"	"Maroon 5 and Danny have made my night, eternal love for them both!"
"209019284540760064"	"_Rizvi"	"RL2013D04E162"	"Love Maroon 5 - Moves Like Jagger (2011 Victoria's Secret Fashion Show Live!!): http://youtu.be/wWLThF1T0oo "
"209019444696055808"	"MegDreamer"	"RL2013D04E162"	"Love Maroon 5 is trending... finally a good TT ! :D"
"209019582231478274"	"___jayjay__"	"RL2013D04E162"	"if your favourite song by Maroon 5 is 'Moves like jagger' then go jump in a hole please."
"209019931235319808"	"LuisaPlath"	"RL2013D04E162"	"Escuchar a Maroon 5 me hace lo que el agua le hace a los gremlins"
"209020384211779584"	"SgoAngelica"	"RL2013D04E162"	"Payphone :3 I Love Maroon 5"
"209031977263828992"	"jony2008"	"RL2013D04E162"	"I liked a @YouTube video http://youtu.be/S2Cti12XBw4?a  Maroon 5 - Sunday Morning"
"209033105506447360"	"TreborSolrak"	"RL2013D04E162"	"Love Maroon 5 aunque no alcancé boletos :( #SufroComoPrecious"
"209035269788270592"	"PorVcsSuperToy"	"RL2013D04E162"	"Payphone - Maroon 5 - Rock Cover - @BandaSuperToy http://www.youtube.com/watch?v=IVOOxQE5LFA …"
"209042769199644672"	"AshleyCalderx"	"RL2013D04E162"	"@nicollemcneill9 its maroon 5 who sings that dafty haha!"
"209045554213289986"	"PEPEvg2404"	"RL2013D04E162"	"Maroon 5 ""Pay Phone"" (Dave Days & Megan Nicole Cover): http://youtu.be/j7a5ms07_-s  vía @youtube"
"209047659745517568"	"zipart305"	"RL2013D04E162"	"Doing a cover of maroon 5's she will be loved would be a bold ass move right?"
"209049464000884737"	"maroon5mexico"	"RL2013D04E162"	"Love Maroon 5 ♥ pic.twitter.com/FytY6zaa"
"209054114783563776"	"GemitaSpain"	"RL2013D04E162"	"Y como cojones he acabado yo escuchando Maroon 5, si yo eso lo odio!?"
"209054269972807681"	"JCRamos55"	"RL2013D04E162"	"Yo no quiero ver a Maroon 5. Que vuelva Bryan Adams copon!!! #HeroedelaInfancia. No hay tocado summer of 69 para cerrar. #Lamantabla"
"209054454530572288"	"painisred"	"RL2013D04E162"	"Que le den por culo a la marica de Maroon 5 que no tiene voz ninguna ya #MásBryanpls #porfa"
"209056400675049473"	"KisaiRizo"	"RL2013D04E162"	"Best HT ever ! love Maroon 5 ...the greatest .....i love yhem deeply"
"209056572666691585"	"Espeisman"	"RL2013D04E162"	"Escuchando a Maroon 5 mientras me cepillo el cabello de evangélica que no tengo."
"209067997942394881"	"abby_aalexa"	"RL2013D04E162"	"Desde la primer vez que escuche la cancion ""This Love"" ame a este grupo y mas a ADAM Love maroon 5"
"209070057345658880"	"isabelayepez"	"RL2013D04E162"	"Si tu canción favorita de Maroon 5 es Moves Like Jagger o Payphone.. No digas ""Amo Maroon 5"" -.-' Simplemente, no."
"209074423603535874"	"tonifunk"	"RL2013D04E162"	"Llamenme marica o como quieran pero estoy pensando seriamente en ver a Maroon 5, la neta su música es el mejor pop que escuchado desde años."
"209076311069687808"	"ElizaLineroB"	"RL2013D04E162"	"Amo maroon 5 desde que liam me hizo ver el video de moves like Jagger. Y no puedo sacar de mimente como Liam hacia en el Twitcam"
"209080955959386113"	"kiss925toronto"	"RL2013D04E162"	"Coming up: music from Cher Lloyd, Karmin, Conor Maynard, Maroon 5 and more! It's #SetItOff with @Mocha925 & @DJclymaxxx"
"209088101220487168"	"N3LtY"	"RL2013D04E162"	"Maroon 5, 1D, Foster The People, son bandas de fama pasajera así como un día lo fui Tokio Hotel o Green Day que hoy a penas y se sostienen."
"209091058229972994"	"amorlahoz"	"RL2013D04E162"	"<mvj AL> starts off this Sunday morn with fave boy band, Maroon 5. good morning, friends :-) http://fb.me/1NESPNYT1 "
"209093327327465474"	"QuitSuckingDUDE"	"RL2013D04E162"	"Maroon 5 ft. Wiz - payphone >>>"
"209093553836666881"	"likeMariel"	"RL2013D04E162"	"Now I can say, I'm ready for the concert! Love Maroon 5 :)"
"209095336394883073"	"papasnayo"	"RL2013D04E162"	"Quizás si existiera una nueva escuela donde no se reproduzcan las condiciones de desigualdad, yo podría ir a ver a Maroon 5."
"209099283264311296"	"C_DePalma"	"RL2013D04E162"	"maroon 5 concert..sucked. blue man group..great. @justinbieber this shit better be phenomenal!! :)"
"209102605123719168"	"unionmack"	"RL2013D04E162"	"With each passing day, my love for Maroon 5 becomes frighteningly less apologetic."
"209108758188662784"	"PHOENIX_FM_BALI"	"RL2013D04E162"	"#NP Jay Sean ft Pitbull - I'm All Yours , Maroon 5 ft Wiz Khalifa - Payphone , Gotye ft Kimbra - Somebody That I Used To Know"
"209109248901263362"	"Sean10Deese"	"RL2013D04E162"	"Addicted to payphone by maroon 5"
"209109488010133504"	"FeliciaMut"	"RL2013D04E162"	"#np won't go home without you - maroon 5"
"209111874543960064"	"sayHarryStyles"	"RL2013D04E162"	"I liked a @YouTube video http://youtu.be/j7a5ms07_-s?a  Maroon 5 ""Pay Phone"" (Dave Days & Megan Nicole Cover)"
"209117301990113283"	"bac117"	"RL2013D04E162"	"#NP If I never see your face again - Maroon 5 feat Rihanna ♫"
"209120363819433985"	"kethllen_"	"RL2013D04E162"	"@OnTopTVZ #LetraM Misery - Maroon 5"
"209122733613785088"	"Julia_Clemente"	"RL2013D04E162"	"Just can't get Payphone by Maroon 5 out of my head!!! It's on replay http://instagr.am/p/LZXxz_HzE3/ "
"209130535006638081"	"woahmmmmegan"	"RL2013D04E162"	"Good show! So many awesome covers! (Goyte, MJ, Maroon 5, CITY OF ANGELS BY THE GOO GOO DOLLS) @STBofficial and @paradisefears killed it <3"
"209136151192289280"	"LuBaracchi"	"RL2013D04E162"	"los uachines de maroon 5 le regalan a mi prima las entradas de su proximo show acá, envidia o nada."
"209146389500936192"	"SoQUETiful"	"RL2013D04E162"	"So cant get maroon 5 payphone out my head I freakn love dat song"
"209147084518076417"	"lapayasisexy"	"RL2013D04E162"	"Por mi cumple me podes regalar una entrada para Maroon 5 ☺"
"209149166096617472"	"yamusaradio94"	"RL2013D04E162"	"#nowplaying Maroon 5 feat Wiz Khalifa - Payphone"
"209150139179339776"	"metalie"	"RL2013D04E162"	"RT @mp3boo: Maroon 5 – Songs About Jane (10th Anniversary Edition) http://bit.ly/LULeAF "
"209158176967360513"	"_LovelyLiss"	"RL2013D04E162"	"Payphone by Maroon 5 >>>>>>>"
"209161488974356480"	"Aloha_Taylor"	"RL2013D04E162"	"Payphone is stuck in my head. Best Maroon 5 song ever."
"209176636371906560"	"mehaceruido"	"RL2013D04E162"	"Segunda fecha de Maroon 5 en la @ArenaCdMexico http://bit.ly/LZwap5 "
"209192298062422016"	"liezylvergara"	"RL2013D04E162"	"Galinnnnngggg *O* Payphone - Maroon 5 (Jayesslee Cover) http://www.youtube.com/watch?v=qraPm7OwtVA&sns=tw … via @youtube"
"209200051405336576"	"wisnube"	"RL2013D04E162"	"ini keren nih, :O RT @geronimofm: #RecycleJam #np Jamestown Story - Payphone (Maroon 5)"
"209208486138097664"	"DatNaturalHerb"	"RL2013D04E162"	"I liked a @YouTube video http://youtu.be/rapo0h-RDnk?a  Maroon 5 Payphone PARODY: Game of Thrones! Key Of Awesome #59"
"209219504574693377"	"Shaltouta"	"RL2013D04E162"	"Toughest final so far and all I had in mind for the entire 2 hours was Maroon 5's payphone."
"209221253616242688"	"Elishaaaaaa__"	"RL2013D04E162"	"Maroon 5 are beautiful"
"209222579033092096"	"CarereGiada"	"RL2013D04E162"	"Maroon 5 - Won't Go Home Without You: http://youtu.be/VlMEGBsw6j8 "
"209223963149205504"	"carlosmurfi"	"RL2013D04E162"	"21 posición en la lista 40 Payphone de Maroon 5 http://www.los40.com "
"209232544695197697"	"aleewuzhere"	"RL2013D04E162"	"just followed @JRCarmichael! I love you. please come back to Maroon 5 soon! <3"
"209237233897705472"	"monkeymoni"	"RL2013D04E162"	"I favorited a @YouTube video http://youtu.be/5FlQSQuv_mg?a  Maroon 5 - Payphone (Lyric Video) ft. Wiz Khalifa"
"209240380368097280"	"PoloTroconis"	"RL2013D04E162"	"Maroon 5 - Sunday Morning (Live on Walmart Soundcheck): http://youtu.be/G8nJ-KAiBeo  vía @youtube"
"209257391718543360"	"KarlaButler_"	"RL2013D04E162"	"Dear maroon 5, in payphone you say 'one more fucking love sone i'll be sick' .. What type of song are you singing again?"
"209262051628040192"	"davidrantau"	"RL2013D04E162"	"#np Maroon 5 - Harder to Breathe"
"209268754125824000"	"Dina_ElSegieny"	"RL2013D04E162"	"#NP Misery - Maroon 5"
"209268791849394176"	"MartaMC29"	"RL2013D04E162"	"Thanks to school I missed Metallica, Evanescence, Linkin Park, The Offspring, Limp Bizkit, Lenny Kravitz, Maroon 5 and Bryan Adams --'"
"209276433883865089"	"PearseUtube"	"RL2013D04E162"	"I liked a @YouTube video from @teenagecrime3 http://youtu.be/bAV-N9lWcGM?a  Payphone - Maroon 5. [ Music Video ]."
"209279537643663361"	"NandaSDamas"	"RL2013D04E162"	"My Top 3 #lastfm Artists: Keane (37), 3 Doors Down (17) & Maroon 5 (9) http://bit.ly/fhK753 "
"209284281737035777"	"TayHolee"	"RL2013D04E162"	"I dont care what anybody says, She Will Be Loved by Maroon 5 will never get old. Ever."
"209284637955063810"	"5pecial1004"	"RL2013D04E162"	"I liked a @YouTube video http://youtu.be/r4THCa0Go1M?a  Payphone - Maroon 5 ft. Wiz Khalifa - Official Music Video Cove"
"209285216756449280"	"Fadliluz"	"RL2013D04E162"	"Maroon 5 ""Pay Phone"" (Dave Days & Megan Nicole Cover): http://youtu.be/j7a5ms07_-s  via @youtube"
"209285707863306241"	"Ibrahimsh_"	"RL2013D04E162"	"OMG you guys have to check it out!!!!! *spoilers till episode 9* :Maroon 5 Payphone PARODY: Game of Thrones! : http://youtu.be/rapo0h-RDnk  #LOL"
"209289116003741699"	"prepubecentcubb"	"RL2013D04E162"	"Maroon 5 are way underrated, they're so good"
"209297075169542145"	"J_Proc_78"	"RL2013D04E162"	"Sunday morning - maroon 5 is straight gold"
"209302572790587392"	"Curly_stm"	"RL2013D04E162"	"My Top 3 #lastfm Artists: Linkin Park (3), Maroon 5 (3) & fun. feat. Janelle Monáe (2) http://twky.in/MxK96L "
"209303394853208066"	"anisakml_"	"RL2013D04E162"	"Extremely excited about the return of Maroon 5!! :]>"
"209307313343954945"	"maroon5mexico"	"RL2013D04E162"	"Confirmado segunda fecha en @ArenaCdMexico de Maroon 5 el 21 de Agosto :D https://www.facebook.com/Maroon5Mexico/posts/302709329820464 … @maroon5"
"209307584992251905"	"shereefsabra"	"RL2013D04E162"	"maroon 5 should consider investing in a cell phone. or perhaps a landline"
"209307893055504385"	"thelmapaolaa"	"RL2013D04E162"	"RT @IngridGarayL: Oigan, concierto de Maroon 5 segunda fecha: 24 de agosto. Preventa 4 de junio. / @RafaelVilla95"
"209308482569121792"	"Laurel_Anderson"	"RL2013D04E162"	"#20SongsOnShuffle Payphone - Maroon 5"
"209309845717925888"	"ZeoonZain"	"RL2013D04E162"	"I liked a @YouTube video http://youtu.be/8g-o5okJ5os?a  Payphone - Maroon 5 (cover) Megan Nicole and Dave Days"
"209311066243604481"	"bArHbIe"	"RL2013D04E162"	"!"" @terrYtory: Maroon 5- Payphone... #tune."""
"209314925015863296"	"222belleM5"	"RL2013D04E162"	"@coegie @crazy4u__ it would be awesome...AND we could go to all Maroon 5 concerts!!! #wishfulthinking"
"209318469177577472"	"_WickedHeart"	"RL2013D04E162"	"#Np: Wake Up Call - Maroon 5"
"209318535976062976"	"Evenpro"	"RL2013D04E162"	"Adam Levine de Maroon 5: ""las mujeres son lo más maravilloso del mundo"" >>> http://ow.ly/bkkEC "
"209326253810008065"	"BriFach"	"RL2013D04E162"	"Get back in my life- Maroon 5"
"209327050727759872"	"JiyhunOfficial"	"RL2013D04E162"	"#20SongsOnShuffle Moves Like Jagger (Maroon 5), Lights (Ellie Goulding), Gotta Be You (One Direction), One Thing (One Direction)."
"209328770413363200"	"dunknasty"	"RL2013D04E162"	"Oh man this is so awesome. Maroon 5 + Game of Thrones = Ballin'. (Spoilers obvi) http://www.youtube.com/watch?v=rapo0h-RDnk&feature=youtu.be …"
"209330917871853568"	"JennyDavies44"	"RL2013D04E162"	"haha i love this! Maroon 5 - Payphone - (Music Video Parody): http://youtu.be/8BIQ-Bh9KMU  via @youtube"
"209331266028441601"	"mahwdiamonds"	"RL2013D04E162"	"My Top 3 #lastfm Artists: Maroon 5 feat. Wiz Khalifa (16), The Cranberries (6) & Maroon 5 (3) #LastFm http://bit.ly/dovOks "
"209333090517127168"	"_melist"	"RL2013D04E162"	"Jamming to Maroon 5 with my MB, @potter_emily woo"
"209347014041931778"	"mashable"	"RL2013D04E162"	"'Game of Thrones' Parodied to the Tune of Maroon 5 [VIDEO] http://on.mash.to/K69gtf "
"209348185200672768"	"teauxbee"	"RL2013D04E162"	""
"209348659777765376"	"KaylaSocial"	"RL2013D04E162"	"‘Game of Thrones’ Parodied to the Tune of Maroon 5 [VIDEO] http://goo.gl/1Ql7t "
"209348995338874880"	"sukikweh"	"RL2013D04E162"	"Payphone - Maroon 5 (cover) Megan Nicole and Dave Days: http://youtu.be/8g-o5okJ5os  via @youtube"
"209349028910088193"	"Stfncassu"	"RL2013D04E162"	""
"209349511234068480"	"BargainBuyz"	"RL2013D04E162"	"‘Game of Thrones’ Parodied to the Tune of Maroon 5 [VIDEO]: Getting ready for tonight’s Game of Thrones season f... http://bit.ly/MnSElY "
"209349668554027009"	"Oh_MaiGloss"	"RL2013D04E162"	"@AngelLlacer también tocas con Maroon 5?? pic.twitter.com/buzEZg22"
"209350132007845889"	"storyspring"	"RL2013D04E162"	"‘ #GameofThrones’ Parodied to the Tune of Maroon 5 [VIDEO] http://dlvr.it/1g3j53  @mashable #social"
"209353277723262977"	"DevinChristina"	"RL2013D04E162"	"I like Maroon 5 and all, but I can't stand Payphone."
"209357126945083392"	"fiveupcomau"	"RL2013D04E162"	"#tech ‘Game of Thrones’ Parodied to the Tune of Maroon 5 [VIDEO] http://bit.ly/KYy1c3  #web"
"209357232956125185"	"_carlyj"	"RL2013D04E162"	"Ooh maroon 5 are on #RockInRio :) bring on the Boss though!!"
"209361666092175361"	"NathanTilka"	"RL2013D04E162"	"Sunday morning by Maroon 5 #nuffsaid"
"209366057750769664"	"TGordon1988"	"RL2013D04E162"	"RT"" @XX_Cell: Aye Maroon 5 makes good ass music"""
"209366565274140672"	"KeysToThePorsch"	"RL2013D04E162"	"Maroon 5 with wiz -payphone >>>"
"209369065087705088"	"libra1616"	"RL2013D04E162"	""
"209369476838330368"	"Devonm1992"	"RL2013D04E162"	"Aw maroon 5 should of sang she will be loved...will always be one of my favourite songs!"
"209372628035702784"	"nottjmiller"	"RL2013D04E162"	"Maroon 5 & Nickelback should do a tour called ""was it ever even good?"""
"209374584783376385"	"chio_lu"	"RL2013D04E162"	"Me encanta escuchar a Maroon 5, es perfecto para esta tarde de domingo!"
"209374878393053184"	"agsdominguez"	"RL2013D04E162"	"los chicos me querían regalar la entrada para ir a ver a Maroon 5, estan mal de la cabeza? Como no quererlos"
"209378489701371904"	"eskobar888"	"RL2013D04E162"	"MAROON 5 Rock In RioLisbon 2012 FULL: MAROON 5 Rock In RioLisbon 2012 FULLMusic Videos : Pop : TV quality Size:... http://bit.ly/LWWRHk "
"209384990851604480"	"DissObeyy"	"RL2013D04E162"	"#20SongsOnShuffle PayPhone - Maroon 5 ft. wiz khalifa"
"209394675491147776"	"Rock_Star1531"	"RL2013D04E162"	"I'm listening to Maroon 5 (51 others checked-in) http://bit.ly/Hlj5T1  @GetGlue #Maroon5"
"209395673756479488"	"wolfdonkey"	"RL2013D04E162"	"Still a great album RT @BlaktimusPrime Maroon 5's ""Songs About Jane"" has already been out for 10 years. Good Lord, what a way to feel old."
"209400488809070593"	"caseyclegg1"	"RL2013D04E162"	""
"209406197248434176"	"choco91959"	"RL2013D04E162"	"YouTube「Maroon 5 - Payphone (Explicit) ft. Wiz Khalifa」 http://www.youtube.com/watch?v=KRaWnd3LJfs&feature=youtube_gdata_player …"
"209409403370213377"	"bina_clark"	"RL2013D04E162"	"I have come to the conclusion that She Will Be Loved by Maroon 5 is my all time favourite song #getsmeeverytime"
"209416519438966784"	"Talu_Kocak"	"RL2013D04E162"	"@Urshouldpickme Maroon 5 rocks!! Genia tu mama"
"209424261511774208"	"NAT3OH3"	"RL2013D04E162"	"I co-wrote and co-produced a song on the upcoming Maroon 5 record. Pretty stoked on that."
"209433929973891072"	"angelaesseily"	"RL2013D04E162"	"M5 News Room: Maroon 5 Performs 'Payphone' on The Voice U.K. http://m5newsroom.blogspot.com/2012/06/maroon-5-performs-payphone-on-voice-uk.html?spref=tw … passing out. @adamlevine @maroon5"
"209450430386802690"	"SindleG"	"RL2013D04E162"	"@amberr_lynnnn i cry when they sing maroon 5! Wish I could be watching!"
"209456017203924992"	"static_revenger"	"RL2013D04E162"	"I favorited a @YouTube video http://youtu.be/rapo0h-RDnk?a  Maroon 5 Payphone PARODY: Game of Thrones! Key Of Awesome"
"209456193339539456"	"lizardy4619"	"RL2013D04E162"	"I liked a @YouTube video from @iiselgomezfanii http://youtu.be/QLzdyuvi2bo?a  Jason Chen - Payphone Lyrics - Maroon 5 ft."
"209460987454173184"	"yisselTJA"	"RL2013D04E162"	"WiZ Khaliffa Ojala cante Payphone ft Maroon 5 Tambn!!"
"209461000028700673"	"Totes_Tatiana"	"RL2013D04E162"	"Wiz should have performed ""Payphone"" with Maroon 5"
"209469204095713281"	"JudithMedr"	"RL2013D04E162"	"Llevenme al concierto de Maroon 5 :("
"209479622746849282"	"AlyssaaaaErin"	"RL2013D04E162"	"She will be loved- maroon 5>>>>>"
"209484626543120387"	"cymisoles"	"RL2013D04E162"	"played the song 'If I Never See Your Face Again' by Maroon 5 on @myspace http://lnk.ms/G6c3c "
"209512661279453184"	"LittleMalu"	"RL2013D04E162"	"RT @MeDicenNadia: Cada canción de Maroon 5 es un éxito definitivamente.| Maroon 5 ♡"
"209515999932841988"	"INFINITY2225"	"RL2013D04E162"	"I liked a @YouTube video http://youtu.be/KRaWnd3LJfs?a  Maroon 5 - Payphone (Explicit) ft. Wiz Khalifa"
"209545414591004672"	"HeyItsMaDiu"	"RL2013D04E162"	"I listen to Hot Chelle Rae,The Fray,Maroon 5 and many others that i didn't before more often :)"
"209558194626895872"	"mradiokendari"	"RL2013D04E162"	"#np Maroon 5 - moves like jagger (ft.christina aguilera) & payphone (ft.wiz khalifah) #musicforia"
"209563596907233281"	"ViverosFer"	"RL2013D04E162"	"Alguien que sepa de un boleto para Maroon 5 lo comproo!!"
"209565750439051264"	"Pressparty"	"RL2013D04E162"	"@BieberLevine MAROON 5 named the most productivity boosting band for US workers. http://mrkt.ms/Lfmi5O "
"209585023802814464"	"JRantedoping"	"RL2013D04E162"	""
"209590641754251264"	"sunnytish"	"RL2013D04E162"	"#np payphone-maroon 5 ft wiz khalifa 'nd ol those fairy tales r full of shit 1mo effin lv sng il b sick"
"209617759854796800"	"Motormane"	"RL2013D04E162"	"♬ 'Payphone (feat. Wiz Khalifa)' - Maroon 5 ♪ http://moby.to/uaoo5s "
"209619465032302592"	"alfiealejandro"	"RL2013D04E162"	"Should I go for Katy Perry, Maroon 5, Jason Mraz, Christina Perri and the ST Party where Jason Derulo and BLG will be performing? #dilemma"
"209619964137705472"	"raf_marquez"	"RL2013D04E162"	"#5BandsILike Linkin Park, Green Day, Maroon 5, One Direction and . . . and . . . ummm, Bruno Mars? LOL"
"209621537035272192"	"Winchester_Samy"	"RL2013D04E162"	"#10BandsILike The Fray, The Script, Coldplay, Boyce Avenue, Linkin Park, Snow Patrol, Muse, Bon Jovi, Daughtry, Maroon 5 :-)"
"209621805432967168"	"ohralalalalala"	"RL2013D04E162"	"#10BandsILike Casting Crowns, Hillsong, Parokya Ni Edgar, We The Kings, The Cab, Up Dharma Down, Paramita, Paramore, Yellowcard, Maroon 5 :D"
"209623842434449408"	"najihahftw"	"RL2013D04E162"	"#10bandsIlike Paramore, Coldplay, Maroon 5, Green Day, Linkin Park, Daughtry, One Republic, Boys Like Girls, Simple Plan & MCR."
"209624464638476288"	"ChloeSimpson_xo"	"RL2013D04E162"	"#10BandsILike maroon 5, the wombats, the kooks, the killers, arctic monkeys, plain white t's, the smiths, goo goo dolls, the beatles, oasis"
"209625953633189888"	"Gracie_McFly"	"RL2013D04E162"	"@CarrieHFletcher This Love - Maroon 5, Lying to Yourself - Example, Foster The People - Houdini, The Man Who Can't Be Moved - The Script? xx"
"209626289160724482"	"imjustsayinqq"	"RL2013D04E162"	"#10bandsIlike Paramore, Coldplay, Maroon 5, Green Day, Linkin Park, My Chemical Romance, One Republic, Boys Like Girls, Simple Plan & MCR."""
"209627325145419776"	"iamhaniya"	"RL2013D04E162"	"#10BandsILike Lady antebellum, maroon 5, coldplay, daughtry, paramore! ;)"
"209627736216571904"	"KiethCabiles"	"RL2013D04E162"	"#10BandsILike - simple plan, tkwc, atl, 1d, paramore, green day, plain white t's, snow patrol, maroon 5 and coldplay :)"
"209628289835352064"	"suuuuuuperman_x"	"RL2013D04E162"	"#10BandsILike One Direction, The Wanted, Boyce Avenue, The Beatles, Coldplay, The Fray, Maroon 5, Florence+the Machine..woops that's only 8"
"209629145464967170"	"lethligonzales"	"RL2013D04E162"	"#10BandsILike 1. The Script 2. Secondhand Serenade 3. Owl City 4. Click Five 5. Maroon 5 6. Faber Drive 7. (cont) http://tl.gd/hmkjvo "
"209629418107318273"	"raflicibla"	"RL2013D04E162"	"RT @Jess_Jessicaa: #10BandsILike 6. Maroon 5 7. Secondhand Serenade 8. Westlife 9. Black Eyed Peas 10. 1D"
"209630068237025282"	"mutirchngl"	"RL2013D04E162"	"#5BandsILike one direction, maroon 5, westlife, foster the people, coldplay"
"209631959876501505"	"iheartpegicorns"	"RL2013D04E162"	"#10BandsILike Le Agency, Le Civil Wars, Paramore, Coldplay, Maroon 5. WALA NA AKONG MAALALA"
"209634342220201984"	"AltunRahimov"	"RL2013D04E162"	"#10BandsILike- The Wanted, Lawson, Missing Andy, Maroon 5, Train, The Script, GMD3, Parade, Coldplay & Mcfly."
"209635462099378177"	"GuadalupeHoquee"	"RL2013D04E162"	"#10bandsIlike Tokio Hotel, 1D, Hot Chelle Rae, Linkin Park, Maroon 5, 30 Seconds to Mars, Far East Movement, Bon Jovi, LMFAO, The Wanted♡♥"
"209635709290692608"	"jesstic4l"	"RL2013D04E162"	"#10bandsIlike the killers, mcfly, the kooks, the wombats, coldplay, oasis, friendly fires, arctic monkeys, maroon 5, the script."
"209636380651945986"	"AgungChandranat"	"RL2013D04E162"	"I liked a @YouTube video from @hellomeganlee http://youtu.be/YaGRNFS0nh4?a  Maroon 5 ft. Wiz Khalifa - Payphone (cover) Me"
"209639807398318081"	"Ziyunniexo"	"RL2013D04E162"	"#10BandsILike one direction, mayday, the script, shinee, b2st, all time low, Maroon 5, BTR, the wanted, westlife and more"
"209644584697995264"	"siprior"	"RL2013D04E162"	"My Top 3 #lastfm Artists: Feeder (1), Maroon 5 (1) & David Guetta (1) http://bit.ly/aKrOL4 "
"209645205480148992"	"LBVLEXUS"	"RL2013D04E162"	"#10BandsILike Linkin Park, One Republic ,Maroon 5 ,Coldplay, The Fray,The Script,Band of Horses."
"209646644113846273"	"KidneyNephron"	"RL2013D04E162"	"#10BandsILike Coldplay, Red Hot Chilli Peppers, Maroon 5."
"209646925157380096"	"CrisstinaaR"	"RL2013D04E162"	"Maroon 5 - She will be loved <3"
"209648082755928065"	"tazqyawp"	"RL2013D04E162"	"#10BandsILike coldplay, maroon 5, take that, the script, 1d, lady antebellum, selgom band, my chemical romance, linkin park, lemonade mouth"
"209649286533750786"	"geise_buenno"	"RL2013D04E162"	"#np Back At Your Door - Maroon 5"
"209651870241800193"	"Altervidal"	"RL2013D04E162"	"Quienes de mis followers iran tambien el 16 de Agosto al concierto de Maroon 5 ??? #espregunta"
"209651924759355392"	"BradAdamson"	"RL2013D04E162"	"#10PeopleIveSeenLive @BritneySpears (x6), @Alphabeat (x2), Rihanna, Pink, Maroon 5, Beyoncé, Katy Perry ...That's it!"
"209653849944887296"	"BraveEmcee"	"RL2013D04E162"	"#np Payphone (Feat. Wiz Khalifa) by Maroon 5 on @bbtweetmedia"
"209657385747353600"	"RuaMerghani"	"RL2013D04E162"	"#10BandsILike linkin' park, maroon 5, 3 doors down, Coldplay... Can't think of any more"
"209657821925617664"	"IrvinShandy"	"RL2013D04E162"	"Di amazon udah ada pre order albumnya The Script sama Maroon 5, hmm the era of good musics will come again"
"209667712127995904"	"Syarmineisa"	"RL2013D04E162"	"#10BandsILike Maroon 5, Artic Monkey, Muse, Coldplay, Panic! At The Disco, CNBlue, FTIsland, Daughtry and The Script"
"209669419197145089"	"stefanizaharrr"	"RL2013D04E162"	"#nowlistening she will be loved - maroon 5"
"209669792473423872"	"AdrianneElise"	"RL2013D04E162"	"@_SincerelyBeexo ""Payphone"" by Maroon 5 Cover by Adrianne http://Eliseyoutube.com/watch?v=r7oqpC … Watch, comment, like,pass on! Enjoy! -Adrianne Elise"
"209677895868747778"	"Any_fp"	"RL2013D04E162"	"#10BandsLike Cold Play..Maroon 5..The beatle..Garbage..Aerosmith..Keane..The Wanted..NTVG..LPDA..Vela Puerca.."
"209678214648434689"	"AzmanHamsik"	"RL2013D04E162"	"#10BandsILike Avenged Sevenfold , Linkin Park , Simple Plan , The Wanted , Maroon 5 , Coldplay , Fall out boy , Muse , Paramore , The Script"
"209690880930627584"	"IamLeroySanchez"	"RL2013D04E162"	"In Case You Didn't See it, LAST VIDEO!! PAYPHONE by MAROON 5 http://youtu.be/EEC_al4U0Xk "
"209693926020497409"	"casandrasin"	"RL2013D04E162"	""
"209693955850383360"	"Mtho_"	"RL2013D04E162"	"Not a big fan of Maroon 5 but the Latest track they did with Wiz khalifa called Payphone is nice..."
"209701616822124545"	"BrendaaQK"	"RL2013D04E162"	"When everyone starts singing to Maroon 5 in classs ☑"
"209708297576644611"	"iHarrysbeanie"	"RL2013D04E162"	"Who's heard Maroon 5 - Payphone? my favourite song at the moment!"
"209709101507284992"	"LucinaCB"	"RL2013D04E162"	"que mañana viene Maroon 5 a campeche y a calkiní :D:D -.-!"
"209715837559508992"	"sammyhalim"	"RL2013D04E162"	"#10BandsILike Bee Gees, Jackson 5, Bon Jovi, Naked Brothers, Hanson, Jonas Brothers, Maroon 5, Keane, Coldplay, All American Rejects"
"209717133528145921"	"_garziagroup"	"RL2013D04E162"	"Este es el mapa de sectores http://twitpic.com/9stojy  para Maroon 5 el 29 de julio, los precios más info en http://ticketshow.com.py "
"209726361055662080"	"ariadni_28"	"RL2013D04E162"	"Maroon 5 - Payphone/Moves Like Jagger (Live The Voice UK): http://youtu.be/uUBPUi-gsnE  vía @youtube"
"209727728398766081"	"Ozone_Layer_"	"RL2013D04E162"	"Hi five to Maroon 5 lool ( #ACFamilyMeeting live at http://ustre.am/KaCi/1 )"
"209733365673377792"	"MorganHaas37"	"RL2013D04E162"	"Payphone by maroon 5 >>>"
"209736469324120066"	"annabel254"	"RL2013D04E162"	"“ @Marijke_Warren: I would love to see Maroon 5 live.” I will come with you!"
"209742337151205376"	"JorgeGancedo"	"RL2013D04E162"	"@Alvaro11st OLÉ, este y el Nino Bravo dos jefes. Y luego Los Beatles y Maroon 5 si hay que meter grupos. Con eso vamos tirando."
"209743507366215680"	"FloVilttok"	"RL2013D04E162"	"Maroon 5 para un dia frio. Que mejor?"
"209744564326641668"	"ellie_keeping"	"RL2013D04E162"	"music on shuffle- maroon 5 she will be loved and then akon I wanna fuck you #notagoodcombo"
"209747768800059393"	"CStaysClassy"	"RL2013D04E162"	"Maroon 5's songs are so catchy."
"209748565696856065"	"laisbarbosa_"	"RL2013D04E162"	"Assistindo Maroon 5 no Rock in Rio Lisboa e freaking out."
"209755458385358848"	"kurlylancome"	"RL2013D04E162"	"@kaytaychrist guess what...on the car ride home the first two songs that came on were one direction and then maroon 5..."
"209758971786043394"	"jangrah"	"RL2013D04E162"	"That's right. Maroon 5. What's up??? #music #adamlevine #maroon5 http://instagr.am/p/Ld5ABbkE5z/ "
"209763103158697984"	"SkyHigh_WYNNING"	"RL2013D04E162"	"Ifw White People Music ! Maroon 5 And The Rest !"
"209764868977463296"	"quickdraw33"	"RL2013D04E162"	"It's amazing how popular that Maroon 5 song is considering no one in high school even knows what a pay phone is."
"209778092925919232"	"MasudaNaoki"	"RL2013D04E162"	"Maroon 5- Payphone (Destiny Underwood cover music video): http://youtu.be/nIX01_Uqmxk  @youtubeさんから"
"209783017739272193"	"LissyDominguez"	"RL2013D04E162"	"espero pacientemente los albumes de Sleeping With Sirens, Pierce The Veil y Maroon 5 <3 <3"
"209791184036577281"	"Jess_Carrasco"	"RL2013D04E162"	"She Will be loved #NP Maroon 5 !"
"209804906515808256"	"AusTomasMc"	"RL2013D04E162"	"I'm in-love with Maroon 5 and Wiz Khalifa's song Payphone! #music"
"209808133705580544"	"spermii"	"RL2013D04E162"	"Subí mi foto de mi entrada al concierto de Maroon 5 al FB sólo para parecer ""normal"", como todos ustedes."
"209813350924828674"	"asdfghjklyz"	"RL2013D04E162"	"#10BandsILike All Time Low, Mayday Parade, Paramore, The Maine, Parachute, Maroon 5, Simple Plan, Thirty Seconds to Mars, The Script, & MCR."
"209818056938102785"	"bbiagini"	"RL2013D04E162"	"mataria a alguien opr estar viendo a maroon 5 YA"
"209825560547966976"	"belledentist"	"RL2013D04E162"	"Gloomy morning, toll road, maroon 5 ♪♫♪.. Just making me think about u more..."
"209829382087393280"	"JamesMuscles"	"RL2013D04E162"	"Cool RT @jjjjjjamie: youtube ads for the new maroon 5 album are ruining my life, its sold out everywhere! #neetit #loveit"""
"209832238219673600"	"Lilchicky10"	"RL2013D04E162"	"Maroon 5 >>>> #TheyUnderstandMe"
"209833894621626368"	"Disastterpiece"	"RL2013D04E162"	"@aguszalazar Se arruinaron como Maroon 5 con la pelotuda de Aguilera."
"209835470551646208"	"malenperez"	"RL2013D04E162"	"Necesito ir a ver a Maroon 5!!!!"
"209838472725413889"	"Mynameisundress"	"RL2013D04E162"	"I seriously love Maroon 5."
"209841876377939968"	"Nany710"	"RL2013D04E162"	"tonta “ @la_patilla: Este es la nueva “Ángel” de Victoria’s Secret que sale con el cantante de Maroon 5 (FOTOS) http://patil.la/LX0tIR ”"
"209869529436782592"	"NicoleCraig7"	"RL2013D04E162"	"Jamming to Maroon 5 and its almost 1 am? #ItsOk #ItsSummer"
"209873475224076288"	"nolie_noelle"	"RL2013D04E162"	"I would love to see #Maroon 5 in concert. #Adam #Levine is too sexy !"
"209892166074511360"	"radio_inside"	"RL2013D04E162"	"#nowplaying This Love by Maroon 5"
"209903205495218177"	"MajorCelebishh"	"RL2013D04E162"	"#NP She Will Be Loved - Maroon 5"
"209915255722221568"	"AwesomeShitx"	"RL2013D04E162"	"Payphone - Maroon 5 (cover) Megan Nicole and Dave Days: http://youtu.be/8g-o5okJ5os  via @youtube Dang!This is good :)"
"209943542108397570"	"xxxRoooos"	"RL2013D04E162"	"RT "" @kimdevriesxx: where are the plans we made for two?"" maroon 5 - payfone ofso :) leuk lied"
"209950169108709376"	"lyracis"	"RL2013D04E162"	"Maroon 5 payphone is my favourite song right now ATM epic!!!!"
"209967902638604288"	"domazetis_xo"	"RL2013D04E162"	"The lead singer of maroon 5 . His voice ♥"
"209972847790145536"	"AdaDiskon"	"RL2013D04E162"	"[UPDATE] Ticket on Sale Maroon 5 Concert http://ow.ly/bmIwD "
"209985170588180480"	"Onur_Smart"	"RL2013D04E162"	"I tried my best to feed her apetite get her cuming every night hahahahaha :D ow my #maroon 5 #thislove #shewillbeloved"
"209999603205025792"	"mynameskevin"	"RL2013D04E162"	"@ThisisAlex_ So you were right about that Maroon 5 and Wiz song now I hear it on the radio every single day ahhah"
"210017974256533505"	"_EatMyHeartOut_"	"RL2013D04E162"	"I liked an @YouTube videofrom @landonaustin http://youtu.be/vc0m4oFqTa8?a  Payphone - Maroon 5 ft. Wiz Khalifa"
"210027633730265088"	"abrahamoflakes"	"RL2013D04E162"	"Yo quiero ir a ver a Maroon 5 en Agosto arrgg"
"210032431993061378"	"MonicaNye"	"RL2013D04E162"	"I'm trying to figure out how ""See you again"" by Miley Cyrus has come between my Maroon 5 albums... #iTunesfail"
"210034172625031168"	"Napsack7"	"RL2013D04E162"	"Maroon 5 really needs to have a concert #favband"
"210045572781051904"	"talaveraboy"	"RL2013D04E162"	"Fellow Maroon 5 fan? It's been 10 years since Songs About Jane! http://thepiratebay.se/torrent/7323677/Maroon_5__amp_ndash__Songs_About_Jane_(10th_Anniversary_Edition) …(201"
"210049192427651072"	"codycj_99"	"RL2013D04E162"	"I've got everyone in UB addicted to that payphone song. #nowplaying maroon 5 - payphone.... All the time lol"
"210058998743969792"	"n_murph"	"RL2013D04E162"	"#newsflash no one cares about Maroon 5"
"210064853996548097"	"deseasconocerme"	"RL2013D04E162"	"¿cuando coño va Maroon 5 a Madrid?"
"210066061922533377"	"NiamhC89"	"RL2013D04E162"	"Maroon 5 new track .. #loveit lyrics are spot on :)"
"210066783347032064"	"harrietmayx"	"RL2013D04E162"	"@GraceConcannon loving maroon 5!!!"
"210070386283524096"	"Manhuntco"	"RL2013D04E162"	"I added a video to a @YouTube playlist http://youtu.be/5FlQSQuv_mg?a  Maroon 5 - Payphone (Lyric Video) ft. Wiz Khalifa"
"210074864483188736"	"Saabon_"	"RL2013D04E162"	"Payphone by Maroon 5 >> #DontHate"
"210081761227579393"	"CBrin12"	"RL2013D04E162"	"I favorited a @YouTube video http://youtu.be/KRaWnd3LJfs?a  Maroon 5 - Payphone (Explicit) ft. Wiz Khalifa"
"210084311356014592"	"Melanie_ArangoG"	"RL2013D04E162"	"Maroon 5 In iTunes! pic.twitter.com/buwL5l6w"
"210086689534775298"	"nouni92"	"RL2013D04E162"	"http://music-mix.ew.com/2012/06/05/maroon-5-songs-about-jane-anniversary-demos/ … Oh wow, it's been a whole decade!! Maroon 5 <3"
"210088631501721600"	"TheReelJelly"	"RL2013D04E162"	"#NP Payphone- Maroon 5 Ft. Wiz :D Looooooooooooooooove This mothertrucking song !!!<3"
"210092456706969600"	"SeuMoraes"	"RL2013D04E162"	"I've favourited an @YouTube video http://youtu.be/KRaWnd3LJfs?a  Maroon 5 - Payphone (Explicit) ft. Wiz Khalifa"
"210093559792140288"	"DanWilliamz"	"RL2013D04E162"	"#Payphone by Maroon 5 = new fave song."
"210093928882515969"	"CarlosNoodles"	"RL2013D04E162"	"#EuroclubAllAroundTheWorld Poned Payphone - Maroon 5 para los twitteros *-*7"
"210104427254784001"	"_yankeeprincess"	"RL2013D04E162"	"@M5NewsRoom ""She Will Be Loved"" will always be my favorite Maroon 5 song! It was great live in Gulfport this year!!"
"210112930786705410"	"DeejayDoubleC"	"RL2013D04E162"	""
"210144988967862272"	"c0cainkeys"	"RL2013D04E162"	"Maroon 5 - Misery"
"210157279641743360"	"1Dreisdonilo"	"RL2013D04E162"	"@Real_Liam_Payne have you ever thought about doing a song with Maroon 5? 10"
"210157367751483392"	"eushin02"	"RL2013D04E162"	"Si hago una preorder del álbum deluxe de Maroon 5 con los datos de mi hermana y le llega a la casa y tiene que pagar U$S 70, me matará??"
"210162578880593921"	"hotfmsg"	"RL2013D04E162"	"PAYPHONE - MAROON 5 #Playingnow913fm Singapore's Hottest Hits"
"210163545931919360"	"JiimeSamayoa"	"RL2013D04E162"	"hoy como que me traume con maroon 5 *-*"
"210166129631576064"	"josboris"	"RL2013D04E162"	"quiero ir al concierto de maroon 5!!"
"210174342108160001"	"MulaFameMryJane"	"RL2013D04E162"	"RT @MarcoEnrique Maroon 5 been out ten years, wow lol"
"210175357125525504"	"bstout99"	"RL2013D04E162"	"I'm listening to Maroon 5 (59 others checked-in) http://is.gd/nF3sdv  @GetGlue #Maroon5"
"210177089339535363"	"SGuiotC"	"RL2013D04E162"	"Yo dije, no compraría el nuevo disco de Maroon 5, pero considerando que no tengo el de hace 10 años, no estaría mal"
"210180595786055680"	"breana_evans3"	"RL2013D04E162"	"pay phone by maroon 5>>>>> #lovelove"
"210180746793582593"	"Weir_Doo"	"RL2013D04E162"	"Maroon 5 -Won't go home without you."
"210183103996641280"	"fucknad"	"RL2013D04E162"	"@laurenhall_x listen to maroon 5 that should work"
"210184504902549505"	"StevenPerryFan"	"RL2013D04E162"	"#nowplaying Won't Go Home Without You - Maroon 5 <3"
"210191681323151361"	"InsaneWorlock11"	"RL2013D04E162"	"I'm watching Payphone (Lyric Video) by Maroon 5 ft. ... on @VEVO for iPod touch.jiiiiiji http://vevo.ly/IOMKsa "
"210192235009028096"	"Dribblez_TW_ME"	"RL2013D04E162"	"I liked an @YouTube video http://youtu.be/KRaWnd3LJfs?a  Maroon 5 - Payphone (Explicit) ft. Wiz Khalifa"
"210198048310173696"	"NippleWalrus"	"RL2013D04E162"	"Cancer kid was on ""wish for shit"" tv show and wished for a blow job from maroon 5. Imagine that. 6 dudes. 1 cancer dick. BOOM."
"210201969971834881"	"CKAcasio"	"RL2013D04E162"	"~ Sooo niceee:)) Like it!! <3 Payphone - Maroon 5 (Jayesslee Cover): http://youtu.be/qraPm7OwtVA  via @youtube"
"210204239073513472"	"iMakeYouMine"	"RL2013D04E162"	"maroon 5 quedará excitado con las mexicanas (? jajaja."
"210204945041989632"	"aishaxmarie"	"RL2013D04E162"	"I love maroon 5 #freepalestine pic.twitter.com/zgC9QRw3"
"210206311089061888"	"misskz03"	"RL2013D04E162"	"Maroon 5 performing ""This Love,"" the second single from Songs About Jane http://pinterest.com/pin/69524387968013686/ …"
"210206436893016064"	"ale_rosast"	"RL2013D04E162"	"#QuieroUnNovioQue le guste Maroon 5 y Camila tanto como a mi"
"210210337608306688"	"IAM_Mixed"	"RL2013D04E162"	"Payphone - Maroon 5 Feat. Wiz Khalifa >>>"
"210210786763735040"	"mustang88fm"	"RL2013D04E162"	"#NP Maroon 5 - Never Gonna Leave This Bed on Mustang with @febicil"
"210211235172589568"	"cessnarizfikar"	"RL2013D04E162"	"So hard to gonna leave this bed :s RT @mustang88fm: #NP Maroon 5 - Never Gonna Leave This Bed on Mustang with @febicil"
"210211506997035009"	"estef_felix"	"RL2013D04E162"	"Me caso sí me llevan al concierto de Maroon 5."
"210223184765648897"	"vox90noar"	"RL2013D04E162"	"Na Vox: She Will Be Loved by Maroon 5"
"210229194557358080"	"RennonMendoza"	"RL2013D04E162"	"#NP- She will be loved by Maroon 5 to @KayZeeOfficial... I will never forget this song <3"
"210238045180538883"	"jholloway55"	"RL2013D04E162"	"I liked a @YouTube video http://youtu.be/0WrrDMHUoKs?a  Maroon 5 Sunday Morning.wmv"
"210238171022237696"	"agungfernandes"	"RL2013D04E162"	"played the song 'Not Coming Home (Album Version)' by Maroon 5 on @myspace http://lnk.ms/VyZhz "
"210239597081403392"	"Liveyli"	"RL2013D04E162"	"#np maroon 5 feat wiz _ payphone #myish"
"210251664085626880"	"codyteamINDO"	"RL2013D04E162"	"#GTS 4. All those fairytale are full of sh*t, one more fu*king love song I'll be sick (maroon 5 ft wiz khalifa)"
"210259578720485376"	"AMPZHits"	"RL2013D04E162"	"Now playing Maroon 5 Ft. Wiz Khalifa - Payphone on AMPZ Hits"
"210277400334974976"	"madamaradio"	"RL2013D04E162"	"#np Maroon 5 ft Wiz Khalifa - Payphone >> Outasight-now or never #sss"
"210288666252292096"	"ChachaElsaTesa"	"RL2013D04E162"	"@xandratysta yups after few hours called my nana n promised maroon 5 is my last 2012 concert *trick: cuz i`ll move to aussie on november xD"
"210301467259703296"	"SheerahR"	"RL2013D04E162"	"Ngl...but that new song frm maroon 5 is pretty catchy..."
"210330919666589696"	"armadaFMOnline"	"RL2013D04E162"	"NOW PLAYING Maroon 5 - Moves Like Jagger http://ARMADAFM.com  #TuneIn #NewMusic #ARMADA"
"210341276254609408"	"UNoticias"	"RL2013D04E162"	"Maroon 5 celebra diez años con reedición de ""Songs about Jane"" http://bit.ly/KhqRhR "
"210343833899249666"	"InNewsNet"	"RL2013D04E162"	"Maroon 5 vuelve celebra 10 años de historia http://bit.ly/Lq3eWB "
"210352692273483776"	"magacu29"	"RL2013D04E162"	"escuchando a maroon 5 y acordandome de @javii127"
"210361298993676288"	"mirooor"	"RL2013D04E162"	"bolehla RT @RizdianiTP Maroon 5 ♥♥ RT mirooor: Coldplay♥♥♥♥♥"
"210361915573141506"	"CalumDeslug"	"RL2013D04E162"	"@OttoPutland I expected better from you! I don't care how bad your day has been as a man with self respect don't quote Maroon 5! #gayfish"
"210364318909333504"	"freewillyy89"	"RL2013D04E162"	"@ThisIsSamarie that song is wayy better than any maroon 5 song lol"
"210365518476095488"	"diamantefm"	"RL2013D04E162"	"El grupo californiano Maroon 5 celebra sus 10 años de historia."
"210367619797233666"	"almersaurus"	"RL2013D04E162"	"Np She Will Be Loved - Maroon 5"
"210385807326973952"	"scrublord"	"RL2013D04E162"	"single mother on facebook just posted maroon 5 lyrics to summarise her current love life. this is peak fucking facebook right here"
"210391560913829889"	"heyitswil"	"RL2013D04E162"	"My favorite color is Maroon 5."
"210393179889995778"	"SarcosNita"	"RL2013D04E162"	"RT @globovision: Maroon 5 celebra diez años de historia con la reedición de Songs about Jane http://bit.ly/KhNbrK "
"210395991113863168"	"RobbStarkSpa"	"RL2013D04E162"	"Vídeo de Maroon 5 parodiando @Juego_de_tronos !! http://bit.ly/K7DnPb  Son geniales!! Te identificas con ellos?? YO SÍ!! Y MUCHO!! xD"
"210404718214782976"	"maroon5chile"	"RL2013D04E162"	"Maroon 5 en la Portada de la Revista Music Connection. http://musicconnection.com/  http://fb.me/1zYDUZqYS "
"210407219295027200"	"0mg_itsbecky"	"RL2013D04E162"	"*maroon 5 appreciation tweet*"
"210408170361864195"	"Tommy_Creeper"	"RL2013D04E162"	"@4Music @adamlambert #ETAAdam Have you ever thought of collaborating with Maroon 5 someday?"
"210414667309387776"	"GaGuerreiro"	"RL2013D04E162"	"♫ ""Moves Like Jagger (the Voice Performance) [Feat. Christina Aguilera] - Maroon 5"" http://www.oifm.com.br  #OiFM"
"210419004232306688"	"LaRadioEstacion"	"RL2013D04E162"	"Maroon 5 celebra diez años con la reedición de 'Songs about Jane' http://bit.ly/LADncz "
"210423086783266816"	"ItsBritneyDiva"	"RL2013D04E162"	"#NP - Payphone - Maroon 5 Feat. Wiz Khalifa"
"210431255798493184"	"TesszDj"	"RL2013D04E162"	"\(!!˚☐˚)/ \(˚☐˚!!)/ RT @AdaDiskon: [UPDATE] Ticket on Sale Maroon 5 Concert http://ow.ly/booR1 "
"210441626550681600"	"Woods3D"	"RL2013D04E162"	"RT if u black and listen to MAROON 5"
"210446566484484096"	"BestMusicLyric"	"RL2013D04E162"	"""Look for the girl with the broken smile, ask her if she wants to stay awhile"" -Maroon 5 'She Will Be Loved'"
"210460719831982082"	"wojo118"	"RL2013D04E162"	"maroon 5 is annoying #sorrynotsorry"
"210461463150739456"	"TheNickJackson"	"RL2013D04E162"	"Acoustic Maroon 5 is best Maroon 5."
"210465636508381186"	"SmegGamingUK"	"RL2013D04E162"	"I liked an @YouTube video http://youtu.be/5poD9ewU3Ms?a  Mario Paint Composer: Maroon 5 - Moves Like Jagger"
"210468664791678977"	"Maroon5Lyrics"	"RL2013D04E162"	"“ @97Madi: If you're username has anything to do with Maroon 5, I already love you! <3” <"
"210473165267279872"	"ahorasuena"	"RL2013D04E162"	"Está sonando ""Payphone (feat. Wiz Khalifa)"" de ""Maroon 5"" en #RadioGarach !!!"
"210476046745735168"	"aaronrbond"	"RL2013D04E162"	"@BritanyG @JimmySectionGR if you're listening to maroon 5 jimmy, i will not be happy with you"
"210477116310028288"	"Cardoso_CL"	"RL2013D04E162"	"Payphone - Maroon 5 feat Wiz Khalifa"
"210478093587058691"	"BestRadioOnAir"	"RL2013D04E162"	"#np Maroon 5 Featuring Christina Aguilera - Moves Like Jagger on http://best-radio.net "
"210490374509166592"	"isavitti_"	"RL2013D04E162"	"Maroon 5 - This Love"
"210496775017082880"	"Pocoyo_Picker"	"RL2013D04E162"	"Oigan ! Creo vendrá a México Maroon 5 quien sabe bien? Quiero ir *n*"
"210497211228893184"	"MapRaposo"	"RL2013D04E162"	"Escutando Moves Like Jagger - Maroon 5 featuring Christina Aguilera"
"210502798046003200"	"ToyBaba"	"RL2013D04E162"	"#np She Will Be Loved | Maroon 5"
"210508443587592193"	"ingratta5"	"RL2013D04E162"	"Maroon 5 ft wiz khalifa payphone... Makes no sense maroon 5 and wiz could afford to own 100 cell phones why go to a payphone rich fucks"
"210508527448494080"	"danylezama"	"RL2013D04E162"	"Escucho a Maroon 5 y me acuerdos de los boletos fallidos @MajContreras @ReneHV @javiermollinedo estoy ARDIDA!!!"
"210511427440607232"	"KendieTerborg"	"RL2013D04E162"	"Payphone by Maroon 5 #LOVE"
"210512742749175808"	"Liddles15"	"RL2013D04E162"	"@wabadude @Dre5IVE @kingnigel @ruedoo @ShawnaWTF ALL #GOT FANS! ----> Maroon 5 Payphone PARODY: Game of Thrones!: http://youtu.be/rapo0h-RDnk "
"210513472545488897"	"REALseanLujan"	"RL2013D04E162"	"I'm listening to Maroon 5 (54 others checked-in) http://bit.ly/Kjhiiq  @GetGlue #Maroon5"
"210523454972243968"	"_coolnesss"	"RL2013D04E162"	"Maroon 5- Makes Me Wonder... ""Cus I don't believe in you, anymore, anymore!"""
"210533349356339203"	"Billlayyy"	"RL2013D04E162"	"@TygasWife_Bitch maroon 5 is for fags hahah"
"210540840647536640"	"nacaodamusica"	"RL2013D04E162"	"Shows no Brasil: Megadeth, Maroon 5, Keane, Scorpions, Brokencyde, Billy Idol, Slash, Nightwish, B.B. King, New... http://fb.me/1a6Vh3FBe "
"210544640410128386"	"LillyReese_"	"RL2013D04E162"	"I seriously love Maroon 5. "
"210544749449445376"	"bigbigirl"	"RL2013D04E162"	"This song always moves me - #NowPlaying Maroon 5 – Secret on @Spotify http://open.spotify.com/track/6QU5K23dgQ6kOca5INWOVB …"
"210552682174365697"	"ponchontheradio"	"RL2013D04E162"	"For the next 45 minutes if you tweet or repost #MIX933NYC I will pick a finalist to see @adamlevine and Maroon 5 in NYC with Letterman."
"210554911207854081"	"ElHamsterfiloso"	"RL2013D04E162"	"""Fanaticas"" de Maroon 5, y solo conocen Moves like Jagger, PUTAS, yo llegue primero."
"210568787039223811"	"Chlocaiine"	"RL2013D04E162"	"There's nothing wrong with the amount of love I have for Maroon 5, Matchbox Twenty, and Train."
"210570590573174784"	"dollfaceMRC"	"RL2013D04E162"	"Maroon 5 She Will Be Loved lyrics: http://youtu.be/RBM_srNAOk8  via @youtube"
"210570934489325568"	"viickluz"	"RL2013D04E162"	"#np Maroon 5 - This Love *-*"
"210590291198099456"	"OneFiveSixCM"	"RL2013D04E162"	"#Nowplaying goodnight goodnight - maroon 5. Although its only 12.34pm."
"210591658574753792"	"K92NowPlaying"	"RL2013D04E162"	"Misery by Maroon 5 #nowplaying"
"210597501206659072"	"hestids"	"RL2013D04E162"	"Payphone - Maroon 5"
"210597933245140992"	"IsabelAlarcon"	"RL2013D04E162"	"Voy a lo de Maroon 5 creo!!! <3"
"210598289756786689"	"AyluRomero"	"RL2013D04E162"	"tengo qe admitir que joha tenia razon.... El cantante de maroon 5 esta muuuuuuy bueno jajaja"
"210600978301452288"	"Solehah2002"	"RL2013D04E162"	"Oh gosh! Maroon 5 payphone I love that song!!"
"210604292783087616"	"gabriellag625"	"RL2013D04E162"	"Maroon 5 makes everything better"
"210611450077650944"	"JBanks7"	"RL2013D04E162"	"Maroon 5 has to be one of If not the best band around"
"210613473149853697"	"KuAmirulNafis"	"RL2013D04E162"	""
"210661002990194688"	"GenzelRadio"	"RL2013D04E162"	"#NowPlaying on Brantfords Coolest Station - Maroon 5 - Payphone (Sex Ray Vision Remix) - http://www.genzel.ca  #teamfollowback #NewMusic"
"210668238147825665"	"Doug_DBE"	"RL2013D04E162"	"For all the millions Maroon 5 are worth why are the calling from a pay phone? Surly between 5 of them they can get a mobile phone.. #3310FTW"
"210688601506316289"	"musicwoflove"	"RL2013D04E162"	"Payphone - Maroon 5 (Cover): http://youtu.be/FjONX0mZ66o  via @youtube"
"210692321849769984"	"helvyaprilianti"	"RL2013D04E162"	"Never gonna leave this bed RT @soal_MUSIK: Apa lagu Maroon 5 favoritmu? #SoalMusik"
"210699280221093888"	"thaianemarrocos"	"RL2013D04E162"	"I'm currently listening to Makes Me Wonder by Maroon 5 on my iPhone."
"210701784455450624"	"laurenisbell64"	"RL2013D04E162"	"Can't get enough of maroon 5 - payphone"
"210707131953979392"	"dasr29"	"RL2013D04E162"	"Mañana lluviosa que comienza con Payphone de Maroon 5 sólo la convierte en perfecta!"
"210713960255725568"	"Fabia_Benson"	"RL2013D04E162"	"PayPhone by Maroon 5 & Wiz K RT @THEBEAT999FM: #NP 'Starships' by Nicki Minaj #YourHottestIntlTracksof2012SoFar - what's yours??"
"210714362934079490"	"emie_zbraa"	"RL2013D04E162"	"@adamlevine I herd yesterday that a study prouves that listening to maroon 5 music helps to work better and faster!"
"210718251024523265"	"1DUniversalNews"	"RL2013D04E162"	"Payphone - Maroon 5 :) x (@Fran_haribo live on http://twitcam.livestream.com/abwsc )"
"210721283330162689"	"el_Bonifacio"	"RL2013D04E162"	"Maroon 5 no vendrá a Paraguay debido a rechazo al desbloqueo de listas http://bit.ly/KkQPB5 "
"210730607444111360"	"ListeningPelz"	"RL2013D04E162"	"I'm #nowplaying ""Sunday Morning"" by Maroon 5 on the album ""Songs About Jane"". More Info here: http://open.spotify.com/track/1YI0uK36eupTmw9F8kHysr …"
"210735594500915201"	"adick84"	"RL2013D04E162"	"jajaja Maroon 5 no tocará en Paraguay. http://elbonifacio.com/2012/06/maroon-5-no-tocara-en-paraguay-por-culpa-del-rechazo-al-desbloqueo-de-listas/ … Fuera listas Sabana."
"210736664031657984"	"DaiRamirez"	"RL2013D04E162"	""" @paul_lando: Maroon 5 no viene por culpa de los senadores http://bit.ly/McLxH7 "" no puede ser :'("
"210740344432762881"	"_garziagroup"	"RL2013D04E162"	"Maroon 5 el 29 de Julio en el Jockey Club, no crean lo q algun inoportuno inventa"
"210747703464964096"	"johnsonlebron"	"RL2013D04E162"	"@ChrisWilli_ams yo chris u should do a cover for payphone by maroon 5"
"210747938325004289"	"TamiMiranda_"	"RL2013D04E162"	""" @tetsu: ...... la gente cree todo lo que se dice en Internet. Lo de Maroon 5 es una joda."" @marsachnik oh oh sorry jajaja"
"210753059570192385"	"hayykym"	"RL2013D04E162"	"Maroon 5 - Payphone. on the voice"
"210758105317912576"	"HectorBmth"	"RL2013D04E162"	"Que mejor que escuchar al vocalista de Maroon 5 Y Slash juntos?"
"210765143380996097"	"allisonn01"	"RL2013D04E162"	"One of my #favoritesongs is Payphone by Maroon 5."
"210769274770436096"	"rhiannana_"	"RL2013D04E162"	"me and katie are planning to go see maroon 5 when they tour, aw haha"
"210770646291058688"	"mvvasociados"	"RL2013D04E162"	"Maroon 5 en concierto. 2 de agosto en el Estadio Nacional. Entradas a la venta en Tu Entrada de Plaza Vea y... http://fb.me/RAPaM0kx "
"210774307914264577"	"aphrodityess"	"RL2013D04E162"	"#nowplaying Misery - Maroon 5 • ""It's not what I did'nt feel, It's what I did'nt show.."""
"210775529706618881"	"LaFleur_"	"RL2013D04E162"	"El tema mas porno y sensacional del universo. Kiwi- Maroon 5 http://youtu.be/ObDaO8touDc  vía @youtube"
"210777009037647872"	"maruequintero"	"RL2013D04E162"	"Maroon 5 - Moves Like Jagger (2011 Victoria's Secret Fashion Show Live P...: http://youtu.be/wWLThF1T0oo  via @youtube"
"210787150868922368"	"harrietcotton"	"RL2013D04E162"	"in the video for 'payphone' by maroon 5, why so the police chase him and not the people robbing the place??"
"210788551753871360"	"NuraMohamed"	"RL2013D04E162"	"Maroon 5 (4) The Script (1)"
"210790476960378880"	"Batijuja"	"RL2013D04E162"	"Me voy a enojar mucho si alguien que yo conozco va a Maroon 5 el día de mi cumpleaños y yo no... Enserio... sí ya sé estoy traumada"
"210798706189021185"	"CarnivalOfPeace"	"RL2013D04E162"	"So Germany's Next Top Model finale is a live event, with musical entertainment from Justin Bieber & Maroon 5. LOL."
"210811624620167168"	"YunHardWorkinCJ"	"RL2013D04E162"	"I'm watching Payphone (Explicit) by Maroon 5 ft. ... on @VEVO for iPod touch. http://vevo.ly/JhjcnB "
"210812526433284096"	"97Madi"	"RL2013D04E162"	"Best British Band- Maroon 5. Even though they aren't British... I don't care. @adamlevine @maroon5"
"210812906252668929"	"clairecasner_"	"RL2013D04E162"	"I seriously love Maroon 5 so much"
"210814166397755392"	"Antena8panama"	"RL2013D04E162"	"Isaacs Domínguez viene con Nicki Minaj, Maroon 5, Asia, 38 Special y Starship en Lo mejor de las tardes. 100.1 HD"
"210815143658004480"	"JaydeeEy"	"RL2013D04E162"	"Right now, he's probably turning the entire school into his club w/ a Pokemon V.I.P room jammin to Maroon 5 w/ cake. #Happy7thBirthdayJ"
"210815353360617472"	"huda_m_"	"RL2013D04E162"	"""all these fairy tales are filled with shit "" maroon 5"
"210822513058516994"	"HereForBieberr"	"RL2013D04E162"	"maroon 5 whazuppp"
"210832713589071872"	"angrygav"	"RL2013D04E162"	"Also, I'm loving Maroon 5- Payphone! Great tune!"
"210835976782757890"	"SilebyCaldera"	"RL2013D04E162"	"Lo quierooo RT @Evenpro: Maroon 5 reedita el disco ""Songs About Jane"" en conmemoración a su décimo aniversario >>> http://ow.ly/bqCAG "
"210836870152728577"	"emilyb_x0"	"RL2013D04E162"	"I love that song. RT @LennonFish: She will be loved by maroon 5 on at the pool. Greaaaaat"
"210841257407295488"	"misterminor_"	"RL2013D04E162"	"Acá uno dice que en vez de Maroon 5 se presentan los 5 del Ritmo y te creen."
"210842087850119170"	"Maia_Eme"	"RL2013D04E162"	"ADAM! OF MAROON 5! I’m at a payphone trying to call home, All of my change I’ve spent it on you♪♫ pic.twitter.com/89roV7bT"
"210848682013233152"	"ZaynArmyuk"	"RL2013D04E162"	"i'm obsessed with Maroon 5's Payphone"
"210849650733875204"	"Joshua14Hart"	"RL2013D04E162"	"Pay phone - Maroon 5 ft Wiz is a dope song"
"210857036366348288"	"PabelJL"	"RL2013D04E162"	"@IvanMattaF se lanzan una promo de buen rock y ponen Maroon 5?? WTF"
"210857194256728064"	"AnaContrerasCar"	"RL2013D04E162"	"La canción me persigue desde que la loca de Maroon 5 me la puso... XD #Payphone @Lauuuuuouhyeah"
"210860253414305793"	"polaaaa"	"RL2013D04E162"	"El vocalista de maroon 5 canta como mina xd."
"210864674181357569"	"thelaststop1983"	"RL2013D04E162"	"I'm watching Moves Like Jagger (VEVO Carnival Cruise) by Maroon 5 on @VEVO for iPhone. http://vevo.ly/uKMKHa"
"210866389672665091"	"AriEkoPrasethio"	"RL2013D04E162"	"#Now Playing that song, again and again... ""If happy ever after did still exists ..."" Maroon 5. Wiz Khalifa #FB"
"210871405204606976"	"DarmawanRizkyyy"	"RL2013D04E162"	"Maroon 5 - ""If I Ain't Got You"" Cover: http://youtu.be/RUSTUwc8m4A"
"210891681325785088"	"WessamFahmy"	"RL2013D04E162"	"I could listen to nothing but Maroon 5 for the rest of my life. Actually I kinda listen to nothing but their old stuff"
"210892318360866817"	"enriquedavalos"	"RL2013D04E162"	"Comunistas disfrazados de fans de Maroon 5 destrozaron la sede de @El_Bonifacio"
"210894889947377664"	"jared_harlan"	"RL2013D04E162"	"Worst part about being in a cab: you don't get to change the radio station #np ""Pay Phone"" -- Maroon 5"
"210896026603749377"	"whatthemuff"	"RL2013D04E162"	"I hate Maroon 5 more than I hate that last little stuck turd that pokes out, taunting you, letting you know you aren't in control."
"210906981739921408"	"WalterEvers"	"RL2013D04E162"	"Yo tan Maroon 5 y Vos tan los 5 del Ritmo"
"210910278857134080"	"laregionweb"	"RL2013D04E162"	"Maroon 5 celebra diez años de historia http://ow.ly/bqXI3 "
"210912011104686082"	"Grshirer"	"RL2013D04E162"	"It's hard to tweet when you're rockin' out to Maroon 5's 'Moves Like Jagger.' #rockingout"
"210913537835536384"	"kinggxo"	"RL2013D04E162"	"Metro station, panic at the disco, fall out boys, maroon 5 = memories <3"
"210914439602503680"	"eedgarBadillo"	"RL2013D04E162"	"#VendoMiVotoPor ¡¡¡ un Boleto de Maroon 5 !!!"
"210919166608281600"	"_LINAAi"	"RL2013D04E162"	"""Payphone"" by Maroon 5, cover by CIMORELLI!: http://youtu.be/RbY2r0Ps81M  via @youtube amazing voices :)"
"210922782098341888"	"imeldangelica19"	"RL2013D04E162"	"T.S PayPhone ~ maroon 5 ft wiz khalifa"
"210929761424388097"	"guabymargera"	"RL2013D04E162"	"Watch: Karmina Covers Maroon 5's 'Payphone' http://bit.ly/MkI9NW "
"210932273783119874"	"babygirls34"	"RL2013D04E162"	"Maroon 5""Payphone""Ive wasted my nights uve turned out lights, turn ur bak on tom cuz ...: http://r.meetme.com/2j1pav "
"210941446755336193"	"HeySweetTweetz"	"RL2013D04E162"	"I was thinking about Maroon 5 today & then I thought of my Twitter Mommy @FromFL."
"210944256934809600"	"DOPEFashionChic"	"RL2013D04E162"	""
"210945712345718784"	"Lil_Koala7"	"RL2013D04E162"	"“@lLLWORDS: #newfavoritesong Payphone - Maroon 5”"
"210948447048699906"	"MissMo_LucyLu"	"RL2013D04E162"	"This Love by Maroon 5 will NEVER get old"
"210957284422062080"	"johnathonford01"	"RL2013D04E162"	"When Maroon 5 was still good. #Old pic.twitter.com/V8YAf9PH"
"210961772335742976"	"nourd97"	"RL2013D04E162"	"#newfavoritesong Payphone Maroon 5"
"210965488468115456"	"serenityredrox"	"RL2013D04E162"	"Currently replying to rude comments about Maroon 5 on Youtube because these morons need a taste of their own medicine. #ItsAMaroon5Thing"
"210975705813622785"	"ktrnacal"	"RL2013D04E162"	"WONT GO HOME WITHOUT #myDSL1299 (YOU) -Maroon 5 @laureenmuy @CheckLit @andimanzano 30"
"210977198973259776"	"madamaradio"	"RL2013D04E162"	"a) Maroon 5 - this love, b) Black eyed peas - where is the love, c) Michael buble - l.o.v.e"
"210978264326471680"	"ktrnacal"	"RL2013D04E162"	"WONT GO HOME WITHOUT #myDSL1299 (YOU) -Maroon 5 @laureenmuy @CheckLit @andimanzano 82"
"210980671886336000"	"cazzz0"	"RL2013D04E162"	"@TheLegitJB lol, both maroon 5 & coldplay remind me of you ;p"
"211000234082439168"	"diahnarima"	"RL2013D04E162"	"@adeuthie @uthiNich maroon 5 ajah"
"211002662601240577"	"sbasaguren"	"RL2013D04E162"	"insomnio musical: Quiero dormir pero la canción Payphone - Maroon 5 no se va de mi cabeza."
"211008022938529792"	"BadLuckMalay"	"RL2013D04E162"	"Maroon 5: I'm out of payphone trying to call home Matrep: I'm out of prepaid trying to call home #BadLuckMalay"
"211016398942646272"	"PRODUA_Ternate"	"RL2013D04E162"	"#Diputar : Maroon 5 feat. Wiz Khalifa - Payphone #TEHSore"
"211028012982996993"	"JennyNguyenDon"	"RL2013D04E162"	"I liked a @YouTube video http://youtu.be/QphVzSl1Mo8?a  Maroon 5 Payphone - AJR Cover"
"211037752144297984"	"1D_love_me"	"RL2013D04E162"	"Maroon 5's album ""songs about jane"" will always be their best <3"
"211044349331509248"	"SophiexDoyle"	"RL2013D04E162"	"OBSESSED with 'payphone' by maroon 5 #amazing #constanlyinmyhead"
"211059310904610816"	"holliebarton_"	"RL2013D04E162"	"Maroon 5 and Wiz Khalifa are a weird collaboration, I'd never put those together.."
"211069209432686593"	"vaniadwiR"	"RL2013D04E162"	"RT @eerfanmuhammad: ""I dont expect you to care"" maroon 5"
"211082731864600576"	"SuperCableVen"	"RL2013D04E162"	"Maroon 5 celebra. Haz click en: http://www.supercable.com  #Maroon5 #cumple10años"
"211090208786096128"	"Evenpro"	"RL2013D04E162"	"Maroon 5 reeditan ""Songs About Jane"" en conmemoración de su décimo aniversario >>> http://ow.ly/brRpy "
"211098062037331968"	"tatibiolada"	"RL2013D04E162"	"Crazy little thing called love, Maroon 5."
"211103204245647360"	"Jayampathi"	"RL2013D04E162"	"I'm listening to Maroon 5 (41 others checked-in) http://bit.ly/zmcRHp  @GetGlue #Maroon5"
"211103795671871489"	"gabrielyenry"	"RL2013D04E162"	"I'll be waiting.. :) RT "" @jakpost: Promoter delays Maroon 5 concert ticket sales http://bit.ly/KgMmUE """
"211110770774245376"	"947FreshFM"	"RL2013D04E162"	"Caller 9 wins $500 after you hear the FRESH ARTIST OF THE DAY: Maroon 5 at 11:21! #FreshArtistOfTheDay http://947freshfm.cbslocal.com/2012/05/02/win-500-the-fresh-artist-of-the-day/ …"
"211112406557003776"	"J0k3rgr33n"	"RL2013D04E162"	"Payphone by Maroon 5 ft. Wiz Khalifa (Ukulele Cover): http://youtu.be/S282CbGhG5A  via @youtube"
"211114386293657601"	"Ravid_Cohen"	"RL2013D04E162"	"#FF everybody plzplzplz watch my fan-video for Maroon 5 ! :) http://www.youtube.com/watch?v=ywwMGxfcLZI&feature=youtu.be …"
"211120468017692672"	"Thee_Sego"	"RL2013D04E162"	""
"211123388725477376"	"_garziagroup"	"RL2013D04E162"	"Imperdible show el 29 de julio con Maroon 5!! Entradas en venta a través de http://ticketshow.com.py  http://youtu.be/rV8NHsmVMPE "
"211123949290012673"	"ListeningPelz"	"RL2013D04E162"	"I'm #nowplaying ""Kiwi"" by Maroon 5 on the album ""It Won't Be Soon Before Long"". More Info here: http://open.spotify.com/track/7aAEOEb5vRJrj1JLPXy0yR …"
"211124981076197376"	"itsrachh_"	"RL2013D04E162"	"I actually love Maroon 5's new song #payphone"
"211136901309145089"	"JimmyKersey1"	"RL2013D04E162"	"My 2 yr old is ""shaking his bootie"" to some @adamlevine and Maroon 5. He especially shakes it to Moves like Jagger""...lol. Good taste kid!"
"211147747758325761"	"Dr_Psike"	"RL2013D04E162"	"Maldito Maroon 5 y su video en victoria secrets... No me puedo sacar la canción de la cabeza..."
"211151677254934528"	"LindseyBlake11"	"RL2013D04E162"	"Never thought I'd say this.... But I'm in love with maroon 5 "
"211152768340213760"	"clionamuch"	"RL2013D04E162"	"maroon 5, so much love. would love to see them live again, adam levine in person? delish."
"211159663809531904"	"RisageradaGaga"	"RL2013D04E162"	"Que motivación con Maroon 5, ains."
"211161815453925376"	"dhilost_"	"RL2013D04E162"	"60r1ll4z RT @harryudi: K4P RT dhilost_: 30 secon to mars RT @EkoBR_: dewa 19 RT dhilost_: Maroon 5 RT @EkoBR_: a7x RT dhilost_: Blink"
"211169323266490368"	"kickecr"	"RL2013D04E162"	"Maroon 5 y a por las últimas horas de estudio de hoy…"
"211180438180466688"	"ainol_natasya"	"RL2013D04E162"	"#nowplaying Maroon 5 - Won't go home without you ;)"
"211183171591610368"	"HalfAMill4Bail"	"RL2013D04E162"	"Dope album overall RT @NERDwithSWAGGER: #NowPlaying Just A Feeling - Maroon 5"
"211191154639769602"	"malayeri"	"RL2013D04E162"	"likes Overexposed (Deluxe Edition) by Maroon 5 on Ping http://itun.es/isG92f  #iTunes"
"211193784472580096"	"lauren4olly"	"RL2013D04E162"	"@Cordss_1D Yh u ain't tweeted Me back and do u fancy buying me maroon 5 cd ? Xxx"
"211195336360853504"	"ARamirez2k11"	"RL2013D04E162"	"Increible de Maroon 5.. No puedo dejar de escucharla!!! http://www.youtube.com/watch?feature=player_embedded&v=48s8gE04vhc&gl=ES …"
"211196057772769281"	"Sanezzi"	"RL2013D04E162"	"Quién auspicia el concierto de Maroon 5 en Chile?.... aparte de Movistar"
"211198398198587392"	"petragoldberg"	"RL2013D04E162"	"john mayer jason mraz maroon 5 coldplay sublime >>>"
"211202412122353664"	"_D_e_e_D_e_e_"	"RL2013D04E162"	"@beautifulbiebs oh . hahahaha sorry :)))) now i know.:)) maroon 5 was it,right?"
"211213598360477697"	"xoxo_kahliie209"	"RL2013D04E162"	""
"211216324658073600"	"JGINTING"	"RL2013D04E162"	"Otw to Mr. @AdrieSubono 's place to get Maroon 5 tickets, hope it stops raining soon."
"211225220776857600"	"Kim_Salvino"	"RL2013D04E162"	"@LisaP Try Payphone by Maroon 5. Can't get it out of my head!!"
"211249652589277186"	"maati1313"	"RL2013D04E162"	"Maroon 5 - Payphone (Explicit) ft. Wiz Khalifa: http://youtu.be/KRaWnd3LJfs  vía @youtube muuuuy bueeeeno <3'"
"211250336269205505"	"juliaaroz"	"RL2013D04E162"	"#NP Just a Feeling - Maroon 5 <3 #goodnight"
"211253175787847680"	"TeyneenLouise"	"RL2013D04E162"	"Falling asleep listening to Maroon 5, perfect. Na'night world..xo"
"211256325701763074"	"cheerjulz1203"	"RL2013D04E162"	"@robkruz Payphone by Maroon 5 should so be number 1 !"
"211260524204273664"	"Consume_ElisaH"	"RL2013D04E162"	"Siempre el final de mas barato por docena 2 me hace llorar (: y su canción de Maroon 5"
"211273862095183872"	"blackney19"	"RL2013D04E162"	"@Randombubblesxx @itsnatalie_xo WHAAAAT! YouTube NOW it's by maroon 5 I really like its got the best chorus EVER"
"211274633851310080"	"KasSkanRadioSWH"	"RL2013D04E162"	"Maroon 5 - Won&"
"211276345135738881"	"EmilyAndMusic"	"RL2013D04E162"	"I uploaded a @YouTube video http://youtu.be/D9zbR6gbVAM?a  Payphone - Maroon 5 (Acoustic Cover)"
"211285924905095168"	"ceceliaa_"	"RL2013D04E162"	"""what other bands does she like?""shes a big maroon 5 fan! Shes had a crush on adam since she was 12! She likes old men! Nialls the exception"
"211287191622660099"	"ruttastratus"	"RL2013D04E162"	"#NowPlaying Maroon 5 - The Way You Look Tonight"
"211291423637647360"	"mrgoodvibes23"	"RL2013D04E162"	"-best band for me nowadays are maroon 5, the script and coldplay \m/"
"211298957266128896"	"malikridhwan"	"RL2013D04E162"	"I'm at a Payphone trying to call home....I got the moves like jagger......Maroon 5 Live in Malaysia 2012 on Sept 20 at Shah Alam stadium!"
"211305078370484224"	"fettzulaikha"	"RL2013D04E162"	"I don` care . I wanna go to maroon 5 concert! Kena simpan duit from now onwards B-)"
"211306187596111872"	"phyliciaelysead"	"RL2013D04E162"	"Have you seen Payphone Maroon 5 (Cover Emily Edwards) - http://tinyurl.com/79txh79 "
"211306644783644672"	"rpcass"	"RL2013D04E162"	"For real @G1G1S ? This is the worst maroon 5 cover I've ever heard. Step away from the men in the wifebeaters and guitars....."
"211307529773400064"	"DayahBamm"	"RL2013D04E162"	"Maroon 5 coming to Malaysia on 20th Sept? A day after my birthday :)"
"211309593362579456"	"YoForeverAlone"	"RL2013D04E162"	"Que perfecta es la canción de Maroon 5 con Wiz Khalifa."
"211309673062735873"	"eufern"	"RL2013D04E162"	"Maroon 5's coming? Oh sure, now suddenly the whole of Malaysia are gonna be their 'biggest fans ever'"
"211315946881691648"	"DianaDanielleB"	"RL2013D04E162"	"Maroon 5 is coming to KL September 20th! Layyydies, get ready to SCREAAAAAAM for Adam Levine (again)!"
"211316383970107394"	"movil90"	"RL2013D04E162"	"#np Never Gonna leave this bed by Maroon 5"
"211321370984984578"	"E_MOTION_ENT"	"RL2013D04E162"	"RT @kalaweit991FM: #NP Maroon 5 ft Wiz Khalifa - Payphone followed by Glam - Geje | Bowling For Soup - High School Never End #AS"
"211324151825305601"	"AtinnnTin"	"RL2013D04E162"	"Jumm RT @fizamarc: RT @DianaDanielleB: Maroon 5 is coming to KL September 20th! Layyydies, get ready to SCREAAAAAAM for Adam Levine (again)!"
"211325984715190272"	"arveen26"	"RL2013D04E162"	"Maroon 5 coming down to Malaysia.. Now im looking forward to this"
"211328555823546368"	"TieyyAhmed"	"RL2013D04E162"	"Maroon 5 dtg malaysia on 20sept and my birthday is on 19sept! Perfect birthday present!!!!!!!"
"211331412152942593"	"LiathArlette"	"RL2013D04E162"	"¿Ahora les gusta Maroon 5? Claaaaro, ahora que todo el mundo los escucha ustedes tambien. Al menos yo los segui cuando nadie los oía."
"211334360731893760"	"DhieRiezqi"	"RL2013D04E162"	"played the song 'Misery' by Maroon 5 on @myspace http://lnk.ms/GMsRT "
"211344419738230787"	"PerihalCINTA"	"RL2013D04E162"	"I know I dont know u, but I want u so bad. Everyone has a secret, but can they keep it? Oh NO they cant. ~Maroon 5, Secret."
"211347371488063488"	"Alberto__Sc"	"RL2013D04E162"	"Never Gonna Leave This Bed - Maroon 5."
"211354166260535296"	"qistinaamran"	"RL2013D04E162"	""" @DianaDanielleB: Maroon 5 is coming to KL September 20th! Layyydies, get ready to SCREAAAAAAM for Adam Levine (again)!"""
"211364396155416576"	"lkohoyda"	"RL2013D04E162"	"I'm listening to Maroon 5 (32 others checked-in) http://bit.ly/pA6bSP  @GetGlue #Maroon5"
"211379504051007489"	"ChrisPurpNGold"	"RL2013D04E162"	"Maroon 5 ft. Wiz khalifa - payphone :D"
"211395115237904384"	"flywithparamore"	"RL2013D04E162"	"Tap on my window, knock on my door, I want to make you feel beautiful. Absolutely love Maroon 5"
"211401700290990081"	"pechonjr"	"RL2013D04E162"	"@okidokimegs I'll watch. But maroon 5 also is coming on the same week for a concert. Haaay.... :-)"
"211407052243865600"	"VampInn"	"RL2013D04E162"	"AutoDJ is playing Maroon 5 - Moves Like Jagger (the Voice Performance) [feat. Christina Aguilera] [Listeners: 0/160] [Requests: On] [Song..."
"211411074556239873"	"hilmiasyraf93"	"RL2013D04E162"	"@auniasri whoaa whoaa, hari khamis, hopefully I can go if timetable next sem okay. Woohoo maroon 5 is coming!!!"
"211440178823299073"	"kadenceX"	"RL2013D04E162"	"she will be loved by maroon 5 gets me, every. single. time."
"211451868780568576"	"Cookie_Feud"	"RL2013D04E162"	"Maroon 5, Katy Perry, David Archuleta, Simple Plan, Boyce Avenue, Avril Lavinge, and now.. Wade Smith are the top of my you tube searches."
"211465067835826176"	"Lauramccoid"	"RL2013D04E162"	"@TheHushLee the script, maroon 5, the reason 4, the risk, n-dubz, rizzle kicks.."
"211470226817159169"	"MusicNewPc"	"RL2013D04E162"	"Overexposed: Maroon 5 ￥1,263 6月26日発売 http://amzn.to/KASxBG "
"211473745838215168"	"VaneFigueroa"	"RL2013D04E162"	"@lissyfi @reginafa11 jajajaja solo le regale una canción sister también te regalo una :D no vas a maroon 5????"
"211476270825996288"	"syamsinaark"	"RL2013D04E162"	"@returnofamal hehe peluang ni. ticket maroon 5 please?"
"211488824373682176"	"danielleannep"	"RL2013D04E162"	"@simonepirita top up windows down maroon 5 > where you at"
"211494000144818181"	"superhuman_sora"	"RL2013D04E162"	"I liked a @YouTube video http://youtu.be/S282CbGhG5A?a  Payphone by Maroon 5 ft. Wiz Khalifa (Ukulele Cover)"
"211504330715561984"	"RachelBieberxo"	"RL2013D04E162"	"Maroon 5 - Payphone (MattyBRaps Cover): http://youtu.be/oyzF8a9F5uM  via @youtube <3"
"211506756650676225"	"Emma_Naylor18"	"RL2013D04E162"	"Maroon 5 - Payphone. Best song i've heard in ages"
"211516355772551168"	"imkrislynsy"	"RL2013D04E162"	"Payphone - Maroon 5 (Jayesslee Cover): http://youtu.be/qraPm7OwtVA  via @youtube"
"211528246628597761"	"GabyTurcios"	"RL2013D04E162"	"Todo un asiento para mi y maroon 5 para todo el camino \☺/"
"211534642937999360"	"jhazminmar"	"RL2013D04E162"	"Quiero un conciertito; pero no tengo ánimos de ir al de Maroon 5 #NoSéQuéMePasa"
"211550572908785664"	"thanasoulas"	"RL2013D04E162"	"Maroon 5 - Payphone - Rock in Rio Lisboa 2012: http://youtu.be/Ji8ygGHePio  via @youtube"
"211558089126711296"	"NateDawgAU"	"RL2013D04E162"	"If you ever get me a Maroon 5 CD for my birthday or Christmas, I appreciate the thought, but consider yourself unfriended."
"211573436076662784"	"djcraigod"	"RL2013D04E162"	"Giving the @DJLiamKeegan mixes of Kelly Clarkson Dark Side and Maroon 5 Payphone a spin in my set tonight for first time!"
"211577160610217984"	"daryleden"	"RL2013D04E162"	"Maroon 5 payphone best song ever"
"211579832407035904"	"spazattack"	"RL2013D04E162"	"I'm gonna need for ""One More Night"" to leak now, thanks Maroon 5."
"211584571970555906"	"lil_COulter"	"RL2013D04E162"	"@BecksMclernon maroon 5, you not out partying tonight?"
"211587021427322880"	"bereniceC14"	"RL2013D04E162"	"This love ~ Maroon 5"
"210866708448165889"	"jailinrico"	"RL2013D04E162"	"Moves Like Jagger - Maroon 5 featuring Christina Aguilera"
"210523882782867456"	"popStarPlay"	"RL2013D04E162"	"#nowPlaying Moves Like Jagger - Maroon 5 & Christina Aguilera #popMusic - http://reelr.tv/*rvmRr "
"211178953405243392"	"kedlovetmills"	"RL2013D04E162"	"Maroon 5 - She Will Be Loved: http://youtu.be/nIjVuRTm-dc  via @youtube"
"208976142668021760"	"KasSkanRadioSWH"	"RL2013D04E162"	"Maroon 5 - She Will Be Loved http://ej.uz/vtkx "
"209625299321761793"	"remusachim"	"RL2013D04E162"	"Maroon 5 - She Will Be Loved http://fb.me/RbdrR6Ek "
"210167123702595585"	"paulineeeee_"	"RL2013D04E162"	"Maroon 5 - She Will Be Loved"
"210928005961351169"	"_lovebreee"	"RL2013D04E162"	"Maroon 5 - She will be loved"
"209475579412611072"	"AddisonMGrey"	"RL2013D04E162"	"@katybm22 @youtube Please watch Nadi cover Maroon 5’s “Payphone” here on YouTube: http://youtu.be/mBH0f4K1Mzw "
"210171418674077696"	"Number1Tracks"	"RL2013D04E162"	"@neilwojnar @YouTube Please watch Nadi cover Maroon 5’s “Payphone” here on YouTube: http://youtu.be/mBH0f4K1Mzw "
"210481142825103361"	"adiiross"	"RL2013D04E162"	"#NP Won't Go Home Without You - Maroon 5"
"210023942738550786"	"AzliaZarliana"	"RL2013D04E162"	"I liked a @YouTube video http://youtu.be/j7a5ms07_-s?a  Maroon 5 ""Pay Phone"" (Dave Days & Megan Nicole Cover)"
"209613609792323584"	"janus454"	"RL2013D04E162"	"I liked a @YouTube video http://youtu.be/rapo0h-RDnk?a  Maroon 5 Payphone PARODY: Game of Thrones! Key Of Awesome #59"
"210903773487435777"	"briamduhamel"	"RL2013D04E162"	"I liked a @YouTube video http://youtu.be/rapo0h-RDnk?a  Maroon 5 Payphone PARODY: Game of Thrones! Key Of Awesome #59"
"211094811455930369"	"smrtmark"	"RL2013D04E162"	"I liked a @YouTube video http://youtu.be/rapo0h-RDnk?a  Maroon 5 Payphone PARODY: Game of Thrones! Key Of Awesome #59"
"209350115226427392"	"karinandaa"	"RL2013D04E162"	"Maroon 5 - won't go home without you"
"210038601814261761"	"fama1025"	"RL2013D04E162"	"#NP Misery - Maroon 5"
"211223090036867073"	"Noreidisanchez"	"RL2013D04E162"	"#NP Maroon 5 - Misery"
"210855446746112000"	"Grace_Luvs__1D"	"RL2013D04E162"	"I liked a @YouTube video http://youtu.be/r4THCa0Go1M?a  Payphone - Maroon 5 ft. Wiz Khalifa - Official Music Video Cove"
"211012695388991488"	"AinnnAwesome"	"RL2013D04E162"	"Wake up call - maroon 5 #np"
"209383966447370240"	"Evenpro"	"RL2013D04E162"	"Adam Levine de Maroon 5: ""las mujeres son lo más maravilloso del mundo"" >>> http://ow.ly/bkkJ6 "
"209349251187216384"	"AmiraZakhary"	"RL2013D04E162"	"@adamlevine 'Game of Thrones' Parodied to the Tune of Maroon 5 [VIDEO] http://on.mash.to/K69gtf "
"209370176557301761"	"jakefeldmn"	"RL2013D04E162"	"@Jess_Feld RT @mashable: 'Game of Thrones' Parodied to the Tune of Maroon 5 [VIDEO] http://on.mash.to/K69gtf "
"209349389582467072"	"CydiaTweeks"	"RL2013D04E162"	"‘Game of Thrones’ Parodied to the Tune of Maroon 5 [VIDEO] http://bit.ly/LWFkPB "
"210959725506994176"	"alyssaanabella"	"RL2013D04E162"	"Payphone - Maroon 5 (cover) Megan Nicole and Dave Days: http://youtu.be/8g-o5okJ5os  via @youtube"
"210730238345355266"	"yudharismawaan"	"RL2013D04E162"	"I liked a @YouTube video http://youtu.be/KRaWnd3LJfs?a  Maroon 5 - Payphone (Explicit) ft. Wiz Khalifa"
"210735963603865600"	"muhammadprastio"	"RL2013D04E162"	"#Np Maroon 5 - she will be loved"
"210269942845681664"	"queensandrina"	"RL2013D04E162"	"Maroon 5 - Payphone (Explicit) ft. Wiz Khalifa: http://youtu.be/KRaWnd3LJfs  via @youtube"
"210844239536459776"	"arianna9286"	"RL2013D04E162"	"Maroon 5 - Payphone (Explicit) ft. Wiz Khalifa: http://youtu.be/KRaWnd3LJfs  via @youtube"
"211541135758336000"	"carlamip"	"RL2013D04E162"	"Maroon 5 - Payphone (Explicit) ft. Wiz Khalifa: http://youtu.be/KRaWnd3LJfs  via @youtube"
"210343373117194240"	"la_patilla"	"RL2013D04E162"	"Maroon 5 vuelve celebra 10 años de historia http://patil.la/MEzgkE "
"210347940152225794"	"Diario_LaRegion"	"RL2013D04E162"	"Maroon 5 vuelve celebra 10 años de historia http://bit.ly/M7KOHq "
"210697208205549568"	"thisisJOSEPHHH"	"RL2013D04E162"	"#np Payphone - Maroon 5 feat Wiz khalifa"
"211427445872660480"	"KissFmMedan"	"RL2013D04E162"	"#np Maroon 5 feat Wiz Khalifa - Payphone"
"210506652498141185"	"januarhafiz"	"RL2013D04E162"	"Payphone - Maroon 5 Feat. Wiz Khalifa"
"211318971859865600"	"dafnedale"	"RL2013D04E162"	"Maroon 5 - Payphone feat. Wiz Khalifa"
"211198430050140161"	"Evenpro"	"RL2013D04E162"	"Maroon 5 reeditan ""Songs About Jane"" en conmemoración de su décimo aniversario >>> http://ow.ly/brRwL "
"211349128880472064"	"egaagungp"	"RL2013D04E162"	"RT @PerihalCINTA I know I dont know u, but I want u so bad. Everyone has a secret, but can they keep it? Oh NO they cant. ~Maroon 5, Secret."
"211445102944587776"	"HeyLookItsLidia"	"RL2013D04E162"	"Maroon 5 - Never Gonna Leave This Bed"
"211502887900151808"	"MRsyabana"	"RL2013D04E162"	"Never gonna leave this bed - maroon 5"
